video_path,source_dataset,source_video_id,original_split,label
..\data\raw\rwf2000\train\Train_Fight\-1l5631l3fg_0.avi,RWF-2000,-1l5631l3fg_0,train,violence
..\data\raw\rwf2000\train\Train_Fight\-1l5631l3fg_1.avi,RWF-2000,-1l5631l3fg_1,train,violence
..\data\raw\rwf2000\train\Train_Fight\-1l5631l3fg_2.avi,RWF-2000,-1l5631l3fg_2,train,violence
..\data\raw\rwf2000\train\Train_Fight\0H2s9UJcNJ0_0.avi,RWF-2000,0H2s9UJcNJ0_0,train,violence
..\data\raw\rwf2000\train\Train_Fight\0H2s9UJcNJ0_2.avi,RWF-2000,0H2s9UJcNJ0_2,train,violence
..\data\raw\rwf2000\train\Train_Fight\0H2s9UJcNJ0_3.avi,RWF-2000,0H2s9UJcNJ0_3,train,violence
..\data\raw\rwf2000\train\Train_Fight\0H2s9UJcNJ0_4.avi,RWF-2000,0H2s9UJcNJ0_4,train,violence
..\data\raw\rwf2000\train\Train_Fight\0H2s9UJcNJ0_5.avi,RWF-2000,0H2s9UJcNJ0_5,train,violence
..\data\raw\rwf2000\train\Train_Fight\0lHQ2f0d_0.avi,RWF-2000,0lHQ2f0d_0,train,violence
..\data\raw\rwf2000\train\Train_Fight\0lHQ2f0d_1.avi,RWF-2000,0lHQ2f0d_1,train,violence
..\data\raw\rwf2000\train\Train_Fight\0lHQ2f0d_2.avi,RWF-2000,0lHQ2f0d_2,train,violence
..\data\raw\rwf2000\train\Train_Fight\0lHQ2f0d_3.avi,RWF-2000,0lHQ2f0d_3,train,violence
..\data\raw\rwf2000\train\Train_Fight\0NWz-01A2yk_0.avi,RWF-2000,0NWz-01A2yk_0,train,violence
..\data\raw\rwf2000\train\Train_Fight\0NWz-01A2yk_1.avi,RWF-2000,0NWz-01A2yk_1,train,violence
..\data\raw\rwf2000\train\Train_Fight\0TFi8D8IBg4_1.avi,RWF-2000,0TFi8D8IBg4_1,train,violence
..\data\raw\rwf2000\train\Train_Fight\0vasozvJYvk_0.avi,RWF-2000,0vasozvJYvk_0,train,violence
..\data\raw\rwf2000\train\Train_Fight\0_DzLlklZa0_3.avi,RWF-2000,0_DzLlklZa0_3,train,violence
..\data\raw\rwf2000\train\Train_Fight\0_DzLlklZa0_4.avi,RWF-2000,0_DzLlklZa0_4,train,violence
..\data\raw\rwf2000\train\Train_Fight\0_DzLlklZa0_5.avi,RWF-2000,0_DzLlklZa0_5,train,violence
..\data\raw\rwf2000\train\Train_Fight\0_DzLlklZa0_6.avi,RWF-2000,0_DzLlklZa0_6,train,violence
..\data\raw\rwf2000\train\Train_Fight\1060314╤äΓòò╨╜╤à╨│╨▓╤à╨┤╨╣╤å╨⌐╨»╤ë╨û╨╗╤ë╨⌐╨▓╤å╨É╨╡╤ê╨╕Γòæ╤à╨╛╨┤╤å╨¬Γöñ╤à╨Ü╨½╤äΓòæ╨¢╤äΓòùΓòó╤ÅΓò¥╨ÿ╤à╨¥╨«╤ë╨ù╨í╤àΓöéΓûæ╤ÅΓò¥╨Ö_17.avi,RWF-2000,1060314╤äΓòò╨╜╤à╨│╨▓╤à╨┤╨╣╤å╨⌐╨»╤ë╨û╨╗╤ë╨⌐╨▓╤å╨É╨╡╤ê╨╕Γòæ╤à╨╛╨┤╤å╨¬Γöñ╤à╨Ü╨½╤äΓòæ╨¢╤äΓòùΓòó╤ÅΓò¥╨ÿ╤à╨¥╨«╤ë╨ù╨í╤àΓöéΓûæ╤ÅΓò¥╨Ö_17,train,violence
..\data\raw\rwf2000\train\Train_Fight\1dsLuL5Lvbc_0.avi,RWF-2000,1dsLuL5Lvbc_0,train,violence
..\data\raw\rwf2000\train\Train_Fight\1dsLuL5Lvbc_1.avi,RWF-2000,1dsLuL5Lvbc_1,train,violence
..\data\raw\rwf2000\train\Train_Fight\1dsLuL5Lvbc_2.avi,RWF-2000,1dsLuL5Lvbc_2,train,violence
..\data\raw\rwf2000\train\Train_Fight\1dsLuL5Lvbc_3.avi,RWF-2000,1dsLuL5Lvbc_3,train,violence
..\data\raw\rwf2000\train\Train_Fight\1DwRGRND_0.avi,RWF-2000,1DwRGRND_0,train,violence
..\data\raw\rwf2000\train\Train_Fight\1DwRGRND_1.avi,RWF-2000,1DwRGRND_1,train,violence
..\data\raw\rwf2000\train\Train_Fight\1O4KGHbRt3M_0.avi,RWF-2000,1O4KGHbRt3M_0,train,violence
..\data\raw\rwf2000\train\Train_Fight\1O4KGHbRt3M_1.avi,RWF-2000,1O4KGHbRt3M_1,train,violence
..\data\raw\rwf2000\train\Train_Fight\1O4KGHbRt3M_2.avi,RWF-2000,1O4KGHbRt3M_2,train,violence
..\data\raw\rwf2000\train\Train_Fight\1O4KGHbRt3M_3.avi,RWF-2000,1O4KGHbRt3M_3,train,violence
..\data\raw\rwf2000\train\Train_Fight\1O4KGHbRt3M_4.avi,RWF-2000,1O4KGHbRt3M_4,train,violence
..\data\raw\rwf2000\train\Train_Fight\1r0Wz04q_0.avi,RWF-2000,1r0Wz04q_0,train,violence
..\data\raw\rwf2000\train\Train_Fight\1tU4kxa51vw_1.avi,RWF-2000,1tU4kxa51vw_1,train,violence
..\data\raw\rwf2000\train\Train_Fight\1XFiS6Lt_0.avi,RWF-2000,1XFiS6Lt_0,train,violence
..\data\raw\rwf2000\train\Train_Fight\1XFiS6Lt_1.avi,RWF-2000,1XFiS6Lt_1,train,violence
..\data\raw\rwf2000\train\Train_Fight\20130506 05_58 ╤ê╨º╨¡╤äΓòæΓòæ ╤ëΓòù╨í╤å╨«╨¡_37.avi,RWF-2000,20130506 05_58 ╤ê╨º╨¡╤äΓòæΓòæ ╤ëΓòù╨í╤å╨«╨¡_37,train,violence
..\data\raw\rwf2000\train\Train_Fight\24E0xYYUz44_0.avi,RWF-2000,24E0xYYUz44_0,train,violence
..\data\raw\rwf2000\train\Train_Fight\24E0xYYUz44_1.avi,RWF-2000,24E0xYYUz44_1,train,violence
..\data\raw\rwf2000\train\Train_Fight\24E0xYYUz44_2.avi,RWF-2000,24E0xYYUz44_2,train,violence
..\data\raw\rwf2000\train\Train_Fight\24E0xYYUz44_3.avi,RWF-2000,24E0xYYUz44_3,train,violence
..\data\raw\rwf2000\train\Train_Fight\24E0xYYUz44_4.avi,RWF-2000,24E0xYYUz44_4,train,violence
..\data\raw\rwf2000\train\Train_Fight\24E0xYYUz44_5.avi,RWF-2000,24E0xYYUz44_5,train,violence
..\data\raw\rwf2000\train\Train_Fight\24E0xYYUz44_6.avi,RWF-2000,24E0xYYUz44_6,train,violence
..\data\raw\rwf2000\train\Train_Fight\24E0xYYUz44_7.avi,RWF-2000,24E0xYYUz44_7,train,violence
..\data\raw\rwf2000\train\Train_Fight\2hQMRq06NJs_0.avi,RWF-2000,2hQMRq06NJs_0,train,violence
..\data\raw\rwf2000\train\Train_Fight\2sy_eLpH-PI_0.avi,RWF-2000,2sy_eLpH-PI_0,train,violence
..\data\raw\rwf2000\train\Train_Fight\2sy_eLpH-PI_1.avi,RWF-2000,2sy_eLpH-PI_1,train,violence
..\data\raw\rwf2000\train\Train_Fight\3CQi0ZCCHvc_0.avi,RWF-2000,3CQi0ZCCHvc_0,train,violence
..\data\raw\rwf2000\train\Train_Fight\3CQi0ZCCHvc_1.avi,RWF-2000,3CQi0ZCCHvc_1,train,violence
..\data\raw\rwf2000\train\Train_Fight\3CQi0ZCCHvc_2.avi,RWF-2000,3CQi0ZCCHvc_2,train,violence
..\data\raw\rwf2000\train\Train_Fight\3kpviz7lAMY_0.avi,RWF-2000,3kpviz7lAMY_0,train,violence
..\data\raw\rwf2000\train\Train_Fight\3kpviz7lAMY_1.avi,RWF-2000,3kpviz7lAMY_1,train,violence
..\data\raw\rwf2000\train\Train_Fight\3kpviz7lAMY_2.avi,RWF-2000,3kpviz7lAMY_2,train,violence
..\data\raw\rwf2000\train\Train_Fight\3kpviz7lAMY_3.avi,RWF-2000,3kpviz7lAMY_3,train,violence
..\data\raw\rwf2000\train\Train_Fight\3kpviz7lAMY_4.avi,RWF-2000,3kpviz7lAMY_4,train,violence
..\data\raw\rwf2000\train\Train_Fight\3OKArbzg1uc_0.avi,RWF-2000,3OKArbzg1uc_0,train,violence
..\data\raw\rwf2000\train\Train_Fight\3OKArbzg1uc_1.avi,RWF-2000,3OKArbzg1uc_1,train,violence
..\data\raw\rwf2000\train\Train_Fight\3OKArbzg1uc_2.avi,RWF-2000,3OKArbzg1uc_2,train,violence
..\data\raw\rwf2000\train\Train_Fight\3OKArbzg1uc_3.avi,RWF-2000,3OKArbzg1uc_3,train,violence
..\data\raw\rwf2000\train\Train_Fight\3OKArbzg1uc_4.avi,RWF-2000,3OKArbzg1uc_4,train,violence
..\data\raw\rwf2000\train\Train_Fight\3SS0E4SmTk8_0.avi,RWF-2000,3SS0E4SmTk8_0,train,violence
..\data\raw\rwf2000\train\Train_Fight\3SS0E4SmTk8_1.avi,RWF-2000,3SS0E4SmTk8_1,train,violence
..\data\raw\rwf2000\train\Train_Fight\3Vw7MoNBgx4_0.avi,RWF-2000,3Vw7MoNBgx4_0,train,violence
..\data\raw\rwf2000\train\Train_Fight\4HH7yMU8y9A_0.avi,RWF-2000,4HH7yMU8y9A_0,train,violence
..\data\raw\rwf2000\train\Train_Fight\4HH7yMU8y9A_1.avi,RWF-2000,4HH7yMU8y9A_1,train,violence
..\data\raw\rwf2000\train\Train_Fight\4RqDG4I4iAk_0.avi,RWF-2000,4RqDG4I4iAk_0,train,violence
..\data\raw\rwf2000\train\Train_Fight\4RqDG4I4iAk_1.avi,RWF-2000,4RqDG4I4iAk_1,train,violence
..\data\raw\rwf2000\train\Train_Fight\4RqDG4I4iAk_2.avi,RWF-2000,4RqDG4I4iAk_2,train,violence
..\data\raw\rwf2000\train\Train_Fight\4RqDG4I4iAk_3.avi,RWF-2000,4RqDG4I4iAk_3,train,violence
..\data\raw\rwf2000\train\Train_Fight\4RqDG4I4iAk_4.avi,RWF-2000,4RqDG4I4iAk_4,train,violence
..\data\raw\rwf2000\train\Train_Fight\4RqDG4I4iAk_5.avi,RWF-2000,4RqDG4I4iAk_5,train,violence
..\data\raw\rwf2000\train\Train_Fight\4RqDG4I4iAk_6.avi,RWF-2000,4RqDG4I4iAk_6,train,violence
..\data\raw\rwf2000\train\Train_Fight\4RqDG4I4iAk_7.avi,RWF-2000,4RqDG4I4iAk_7,train,violence
..\data\raw\rwf2000\train\Train_Fight\4RqDG4I4iAk_8.avi,RWF-2000,4RqDG4I4iAk_8,train,violence
..\data\raw\rwf2000\train\Train_Fight\4yTlGiDoxBo_0.avi,RWF-2000,4yTlGiDoxBo_0,train,violence
..\data\raw\rwf2000\train\Train_Fight\4yTlGiDoxBo_1.avi,RWF-2000,4yTlGiDoxBo_1,train,violence
..\data\raw\rwf2000\train\Train_Fight\4yTlGiDoxBo_2.avi,RWF-2000,4yTlGiDoxBo_2,train,violence
..\data\raw\rwf2000\train\Train_Fight\4yTlGiDoxBo_3.avi,RWF-2000,4yTlGiDoxBo_3,train,violence
..\data\raw\rwf2000\train\Train_Fight\4yTlGiDoxBo_4.avi,RWF-2000,4yTlGiDoxBo_4,train,violence
..\data\raw\rwf2000\train\Train_Fight\4yTlGiDoxBo_5.avi,RWF-2000,4yTlGiDoxBo_5,train,violence
..\data\raw\rwf2000\train\Train_Fight\4yzwSsis_0.avi,RWF-2000,4yzwSsis_0,train,violence
..\data\raw\rwf2000\train\Train_Fight\5QqDgtwEQsI_0.avi,RWF-2000,5QqDgtwEQsI_0,train,violence
..\data\raw\rwf2000\train\Train_Fight\6Dej3-k3MRE_0.avi,RWF-2000,6Dej3-k3MRE_0,train,violence
..\data\raw\rwf2000\train\Train_Fight\6Dej3-k3MRE_1.avi,RWF-2000,6Dej3-k3MRE_1,train,violence
..\data\raw\rwf2000\train\Train_Fight\6Dej3-k3MRE_2.avi,RWF-2000,6Dej3-k3MRE_2,train,violence
..\data\raw\rwf2000\train\Train_Fight\6Dej3-k3MRE_3.avi,RWF-2000,6Dej3-k3MRE_3,train,violence
..\data\raw\rwf2000\train\Train_Fight\6Dej3-k3MRE_4.avi,RWF-2000,6Dej3-k3MRE_4,train,violence
..\data\raw\rwf2000\train\Train_Fight\6Dej3-k3MRE_5.avi,RWF-2000,6Dej3-k3MRE_5,train,violence
..\data\raw\rwf2000\train\Train_Fight\6mrIIcAQ2fI_0.avi,RWF-2000,6mrIIcAQ2fI_0,train,violence
..\data\raw\rwf2000\train\Train_Fight\6mrIIcAQ2fI_2.avi,RWF-2000,6mrIIcAQ2fI_2,train,violence
..\data\raw\rwf2000\train\Train_Fight\6mrIIcAQ2fI_3.avi,RWF-2000,6mrIIcAQ2fI_3,train,violence
..\data\raw\rwf2000\train\Train_Fight\6TDF_12.avi,RWF-2000,6TDF_12,train,violence
..\data\raw\rwf2000\train\Train_Fight\6TDF_13.avi,RWF-2000,6TDF_13,train,violence
..\data\raw\rwf2000\train\Train_Fight\6TDF_14.avi,RWF-2000,6TDF_14,train,violence
..\data\raw\rwf2000\train\Train_Fight\6TDF_15.avi,RWF-2000,6TDF_15,train,violence
..\data\raw\rwf2000\train\Train_Fight\6TDF_27.avi,RWF-2000,6TDF_27,train,violence
..\data\raw\rwf2000\train\Train_Fight\7LnoFKSl2rs_0.avi,RWF-2000,7LnoFKSl2rs_0,train,violence
..\data\raw\rwf2000\train\Train_Fight\7qtRgyFsk3s_0.avi,RWF-2000,7qtRgyFsk3s_0,train,violence
..\data\raw\rwf2000\train\Train_Fight\7qtRgyFsk3s_1.avi,RWF-2000,7qtRgyFsk3s_1,train,violence
..\data\raw\rwf2000\train\Train_Fight\7R1m3V8C30g_0.avi,RWF-2000,7R1m3V8C30g_0,train,violence
..\data\raw\rwf2000\train\Train_Fight\7R1m3V8C30g_1.avi,RWF-2000,7R1m3V8C30g_1,train,violence
..\data\raw\rwf2000\train\Train_Fight\7R1m3V8C30g_2.avi,RWF-2000,7R1m3V8C30g_2,train,violence
..\data\raw\rwf2000\train\Train_Fight\7Xe6eysGKeU_0.avi,RWF-2000,7Xe6eysGKeU_0,train,violence
..\data\raw\rwf2000\train\Train_Fight\88ndrvAZpE8_0.avi,RWF-2000,88ndrvAZpE8_0,train,violence
..\data\raw\rwf2000\train\Train_Fight\88ndrvAZpE8_1.avi,RWF-2000,88ndrvAZpE8_1,train,violence
..\data\raw\rwf2000\train\Train_Fight\89UQqPuR4Q4_0.avi,RWF-2000,89UQqPuR4Q4_0,train,violence
..\data\raw\rwf2000\train\Train_Fight\8bEO4LGr_0.avi,RWF-2000,8bEO4LGr_0,train,violence
..\data\raw\rwf2000\train\Train_Fight\8mxsp2RTU6M_0.avi,RWF-2000,8mxsp2RTU6M_0,train,violence
..\data\raw\rwf2000\train\Train_Fight\8pKKdS7rhXo_0.avi,RWF-2000,8pKKdS7rhXo_0,train,violence
..\data\raw\rwf2000\train\Train_Fight\8pKKdS7rhXo_1.avi,RWF-2000,8pKKdS7rhXo_1,train,violence
..\data\raw\rwf2000\train\Train_Fight\8pKKdS7rhXo_2.avi,RWF-2000,8pKKdS7rhXo_2,train,violence
..\data\raw\rwf2000\train\Train_Fight\8SWZq5we_fk_0.avi,RWF-2000,8SWZq5we_fk_0,train,violence
..\data\raw\rwf2000\train\Train_Fight\8SWZq5we_fk_1.avi,RWF-2000,8SWZq5we_fk_1,train,violence
..\data\raw\rwf2000\train\Train_Fight\8VqTmuq4HcI_0.avi,RWF-2000,8VqTmuq4HcI_0,train,violence
..\data\raw\rwf2000\train\Train_Fight\91TniI0y_0.avi,RWF-2000,91TniI0y_0,train,violence
..\data\raw\rwf2000\train\Train_Fight\9ErNHIovPDI_0.avi,RWF-2000,9ErNHIovPDI_0,train,violence
..\data\raw\rwf2000\train\Train_Fight\9U8J4abJGDg_0.avi,RWF-2000,9U8J4abJGDg_0,train,violence
..\data\raw\rwf2000\train\Train_Fight\a2qLzOu_n0s_0.avi,RWF-2000,a2qLzOu_n0s_0,train,violence
..\data\raw\rwf2000\train\Train_Fight\a2qLzOu_n0s_1.avi,RWF-2000,a2qLzOu_n0s_1,train,violence
..\data\raw\rwf2000\train\Train_Fight\a2qLzOu_n0s_2.avi,RWF-2000,a2qLzOu_n0s_2,train,violence
..\data\raw\rwf2000\train\Train_Fight\a2qLzOu_n0s_3.avi,RWF-2000,a2qLzOu_n0s_3,train,violence
..\data\raw\rwf2000\train\Train_Fight\a2qLzOu_n0s_4.avi,RWF-2000,a2qLzOu_n0s_4,train,violence
..\data\raw\rwf2000\train\Train_Fight\a7D2i0HTXGM_0.avi,RWF-2000,a7D2i0HTXGM_0,train,violence
..\data\raw\rwf2000\train\Train_Fight\a7D2i0HTXGM_1.avi,RWF-2000,a7D2i0HTXGM_1,train,violence
..\data\raw\rwf2000\train\Train_Fight\a7D2i0HTXGM_2.avi,RWF-2000,a7D2i0HTXGM_2,train,violence
..\data\raw\rwf2000\train\Train_Fight\a7gBQaAFEtw_2.avi,RWF-2000,a7gBQaAFEtw_2,train,violence
..\data\raw\rwf2000\train\Train_Fight\a7gBQaAFEtw_4.avi,RWF-2000,a7gBQaAFEtw_4,train,violence
..\data\raw\rwf2000\train\Train_Fight\adg5WJ6y_1.avi,RWF-2000,adg5WJ6y_1,train,violence
..\data\raw\rwf2000\train\Train_Fight\aIg9Yb0O7Hg_0.avi,RWF-2000,aIg9Yb0O7Hg_0,train,violence
..\data\raw\rwf2000\train\Train_Fight\aIg9Yb0O7Hg_1.avi,RWF-2000,aIg9Yb0O7Hg_1,train,violence
..\data\raw\rwf2000\train\Train_Fight\aIg9Yb0O7Hg_2.avi,RWF-2000,aIg9Yb0O7Hg_2,train,violence
..\data\raw\rwf2000\train\Train_Fight\aIg9Yb0O7Hg_3.avi,RWF-2000,aIg9Yb0O7Hg_3,train,violence
..\data\raw\rwf2000\train\Train_Fight\aIg9Yb0O7Hg_4.avi,RWF-2000,aIg9Yb0O7Hg_4,train,violence
..\data\raw\rwf2000\train\Train_Fight\aIg9Yb0O7Hg_5.avi,RWF-2000,aIg9Yb0O7Hg_5,train,violence
..\data\raw\rwf2000\train\Train_Fight\aKgSasWRJ2s_0.avi,RWF-2000,aKgSasWRJ2s_0,train,violence
..\data\raw\rwf2000\train\Train_Fight\aKgSasWRJ2s_1.avi,RWF-2000,aKgSasWRJ2s_1,train,violence
..\data\raw\rwf2000\train\Train_Fight\aKgSasWRJ2s_2.avi,RWF-2000,aKgSasWRJ2s_2,train,violence
..\data\raw\rwf2000\train\Train_Fight\aKgSasWRJ2s_3.avi,RWF-2000,aKgSasWRJ2s_3,train,violence
..\data\raw\rwf2000\train\Train_Fight\aKK0B4kpKZA_0.avi,RWF-2000,aKK0B4kpKZA_0,train,violence
..\data\raw\rwf2000\train\Train_Fight\aKK0B4kpKZA_1.avi,RWF-2000,aKK0B4kpKZA_1,train,violence
..\data\raw\rwf2000\train\Train_Fight\AkTZX27QhjE_1.avi,RWF-2000,AkTZX27QhjE_1,train,violence
..\data\raw\rwf2000\train\Train_Fight\AkTZX27QhjE_2.avi,RWF-2000,AkTZX27QhjE_2,train,violence
..\data\raw\rwf2000\train\Train_Fight\AkTZX27QhjE_3.avi,RWF-2000,AkTZX27QhjE_3,train,violence
..\data\raw\rwf2000\train\Train_Fight\AkTZX27QhjE_4.avi,RWF-2000,AkTZX27QhjE_4,train,violence
..\data\raw\rwf2000\train\Train_Fight\Am9mUxPTvK4_0.avi,RWF-2000,Am9mUxPTvK4_0,train,violence
..\data\raw\rwf2000\train\Train_Fight\Am9mUxPTvK4_1.avi,RWF-2000,Am9mUxPTvK4_1,train,violence
..\data\raw\rwf2000\train\Train_Fight\API3q8TBGu4_0.avi,RWF-2000,API3q8TBGu4_0,train,violence
..\data\raw\rwf2000\train\Train_Fight\ar5ns2zW4lY_0.avi,RWF-2000,ar5ns2zW4lY_0,train,violence
..\data\raw\rwf2000\train\Train_Fight\ar5ns2zW4lY_1.avi,RWF-2000,ar5ns2zW4lY_1,train,violence
..\data\raw\rwf2000\train\Train_Fight\as4zD6d86q0_0.avi,RWF-2000,as4zD6d86q0_0,train,violence
..\data\raw\rwf2000\train\Train_Fight\as4zD6d86q0_1.avi,RWF-2000,as4zD6d86q0_1,train,violence
..\data\raw\rwf2000\train\Train_Fight\as4zD6d86q0_2.avi,RWF-2000,as4zD6d86q0_2,train,violence
..\data\raw\rwf2000\train\Train_Fight\asdasda_107.avi,RWF-2000,asdasda_107,train,violence
..\data\raw\rwf2000\train\Train_Fight\asdasda_108.avi,RWF-2000,asdasda_108,train,violence
..\data\raw\rwf2000\train\Train_Fight\asdasda_109.avi,RWF-2000,asdasda_109,train,violence
..\data\raw\rwf2000\train\Train_Fight\asdasda_110.avi,RWF-2000,asdasda_110,train,violence
..\data\raw\rwf2000\train\Train_Fight\asdasda_111.avi,RWF-2000,asdasda_111,train,violence
..\data\raw\rwf2000\train\Train_Fight\asdasda_112.avi,RWF-2000,asdasda_112,train,violence
..\data\raw\rwf2000\train\Train_Fight\asdasda_113.avi,RWF-2000,asdasda_113,train,violence
..\data\raw\rwf2000\train\Train_Fight\AsGAgf8U2rk_0.avi,RWF-2000,AsGAgf8U2rk_0,train,violence
..\data\raw\rwf2000\train\Train_Fight\b6XfVAZC9Zs_0.avi,RWF-2000,b6XfVAZC9Zs_0,train,violence
..\data\raw\rwf2000\train\Train_Fight\b6XfVAZC9Zs_1.avi,RWF-2000,b6XfVAZC9Zs_1,train,violence
..\data\raw\rwf2000\train\Train_Fight\b6XfVAZC9Zs_2.avi,RWF-2000,b6XfVAZC9Zs_2,train,violence
..\data\raw\rwf2000\train\Train_Fight\b6XfVAZC9Zs_3.avi,RWF-2000,b6XfVAZC9Zs_3,train,violence
..\data\raw\rwf2000\train\Train_Fight\b6XfVAZC9Zs_4.avi,RWF-2000,b6XfVAZC9Zs_4,train,violence
..\data\raw\rwf2000\train\Train_Fight\b6XfVAZC9Zs_6.avi,RWF-2000,b6XfVAZC9Zs_6,train,violence
..\data\raw\rwf2000\train\Train_Fight\b6XfVAZC9Zs_7.avi,RWF-2000,b6XfVAZC9Zs_7,train,violence
..\data\raw\rwf2000\train\Train_Fight\BCVBVC_263.avi,RWF-2000,BCVBVC_263,train,violence
..\data\raw\rwf2000\train\Train_Fight\BCVBVC_264.avi,RWF-2000,BCVBVC_264,train,violence
..\data\raw\rwf2000\train\Train_Fight\bd48s5BpoGY_0.avi,RWF-2000,bd48s5BpoGY_0,train,violence
..\data\raw\rwf2000\train\Train_Fight\bdZ7ubago6I_0.avi,RWF-2000,bdZ7ubago6I_0,train,violence
..\data\raw\rwf2000\train\Train_Fight\bdZ7ubago6I_1.avi,RWF-2000,bdZ7ubago6I_1,train,violence
..\data\raw\rwf2000\train\Train_Fight\BpargJW29Wo_0.avi,RWF-2000,BpargJW29Wo_0,train,violence
..\data\raw\rwf2000\train\Train_Fight\BpargJW29Wo_1.avi,RWF-2000,BpargJW29Wo_1,train,violence
..\data\raw\rwf2000\train\Train_Fight\BpargJW29Wo_2.avi,RWF-2000,BpargJW29Wo_2,train,violence
..\data\raw\rwf2000\train\Train_Fight\BpargJW29Wo_3.avi,RWF-2000,BpargJW29Wo_3,train,violence
..\data\raw\rwf2000\train\Train_Fight\BpargJW29Wo_4.avi,RWF-2000,BpargJW29Wo_4,train,violence
..\data\raw\rwf2000\train\Train_Fight\bqZo64e6_0.avi,RWF-2000,bqZo64e6_0,train,violence
..\data\raw\rwf2000\train\Train_Fight\bqZo64e6_1.avi,RWF-2000,bqZo64e6_1,train,violence
..\data\raw\rwf2000\train\Train_Fight\bqZo64e6_2.avi,RWF-2000,bqZo64e6_2,train,violence
..\data\raw\rwf2000\train\Train_Fight\bzw-HKuuQbg_0.avi,RWF-2000,bzw-HKuuQbg_0,train,violence
..\data\raw\rwf2000\train\Train_Fight\bzw-HKuuQbg_1.avi,RWF-2000,bzw-HKuuQbg_1,train,violence
..\data\raw\rwf2000\train\Train_Fight\bzw-HKuuQbg_2.avi,RWF-2000,bzw-HKuuQbg_2,train,violence
..\data\raw\rwf2000\train\Train_Fight\bzw-HKuuQbg_3.avi,RWF-2000,bzw-HKuuQbg_3,train,violence
..\data\raw\rwf2000\train\Train_Fight\bzw-HKuuQbg_4.avi,RWF-2000,bzw-HKuuQbg_4,train,violence
..\data\raw\rwf2000\train\Train_Fight\bzw-HKuuQbg_5.avi,RWF-2000,bzw-HKuuQbg_5,train,violence
..\data\raw\rwf2000\train\Train_Fight\bzw-HKuuQbg_6.avi,RWF-2000,bzw-HKuuQbg_6,train,violence
..\data\raw\rwf2000\train\Train_Fight\C4SQF-UZzkA_2.avi,RWF-2000,C4SQF-UZzkA_2,train,violence
..\data\raw\rwf2000\train\Train_Fight\C8wt47cphU8_0.avi,RWF-2000,C8wt47cphU8_0,train,violence
..\data\raw\rwf2000\train\Train_Fight\C8wt47cphU8_1.avi,RWF-2000,C8wt47cphU8_1,train,violence
..\data\raw\rwf2000\train\Train_Fight\cAp5A44HRS8_0.avi,RWF-2000,cAp5A44HRS8_0,train,violence
..\data\raw\rwf2000\train\Train_Fight\cAp5A44HRS8_1.avi,RWF-2000,cAp5A44HRS8_1,train,violence
..\data\raw\rwf2000\train\Train_Fight\CBfRtxkO1bE_0.avi,RWF-2000,CBfRtxkO1bE_0,train,violence
..\data\raw\rwf2000\train\Train_Fight\CBfRtxkO1bE_1.avi,RWF-2000,CBfRtxkO1bE_1,train,violence
..\data\raw\rwf2000\train\Train_Fight\CBfRtxkO1bE_2.avi,RWF-2000,CBfRtxkO1bE_2,train,violence
..\data\raw\rwf2000\train\Train_Fight\CBfRtxkO1bE_3.avi,RWF-2000,CBfRtxkO1bE_3,train,violence
..\data\raw\rwf2000\train\Train_Fight\cBNVcBk3rjg_0.avi,RWF-2000,cBNVcBk3rjg_0,train,violence
..\data\raw\rwf2000\train\Train_Fight\cBNVcBk3rjg_1.avi,RWF-2000,cBNVcBk3rjg_1,train,violence
..\data\raw\rwf2000\train\Train_Fight\cBNVcBk3rjg_2.avi,RWF-2000,cBNVcBk3rjg_2,train,violence
..\data\raw\rwf2000\train\Train_Fight\cBNVcBk3rjg_3.avi,RWF-2000,cBNVcBk3rjg_3,train,violence
..\data\raw\rwf2000\train\Train_Fight\cBNVcBk3rjg_4.avi,RWF-2000,cBNVcBk3rjg_4,train,violence
..\data\raw\rwf2000\train\Train_Fight\Cce4ogHp_0.avi,RWF-2000,Cce4ogHp_0,train,violence
..\data\raw\rwf2000\train\Train_Fight\Cce4ogHp_1.avi,RWF-2000,Cce4ogHp_1,train,violence
..\data\raw\rwf2000\train\Train_Fight\cJvLTWGs-SE_0.avi,RWF-2000,cJvLTWGs-SE_0,train,violence
..\data\raw\rwf2000\train\Train_Fight\cJvLTWGs-SE_1.avi,RWF-2000,cJvLTWGs-SE_1,train,violence
..\data\raw\rwf2000\train\Train_Fight\CqJB8ZWLZ-o_0.avi,RWF-2000,CqJB8ZWLZ-o_0,train,violence
..\data\raw\rwf2000\train\Train_Fight\CqJB8ZWLZ-o_1.avi,RWF-2000,CqJB8ZWLZ-o_1,train,violence
..\data\raw\rwf2000\train\Train_Fight\cWJ92fkhME4_0.avi,RWF-2000,cWJ92fkhME4_0,train,violence
..\data\raw\rwf2000\train\Train_Fight\cy1gi3ZJb_c_1.avi,RWF-2000,cy1gi3ZJb_c_1,train,violence
..\data\raw\rwf2000\train\Train_Fight\cy1gi3ZJb_c_2.avi,RWF-2000,cy1gi3ZJb_c_2,train,violence
..\data\raw\rwf2000\train\Train_Fight\cy1gi3ZJb_c_3.avi,RWF-2000,cy1gi3ZJb_c_3,train,violence
..\data\raw\rwf2000\train\Train_Fight\cy1gi3ZJb_c_4.avi,RWF-2000,cy1gi3ZJb_c_4,train,violence
..\data\raw\rwf2000\train\Train_Fight\cy1gi3ZJb_c_5.avi,RWF-2000,cy1gi3ZJb_c_5,train,violence
..\data\raw\rwf2000\train\Train_Fight\cy1gi3ZJb_c_6.avi,RWF-2000,cy1gi3ZJb_c_6,train,violence
..\data\raw\rwf2000\train\Train_Fight\dBkszzm-7mw_0.avi,RWF-2000,dBkszzm-7mw_0,train,violence
..\data\raw\rwf2000\train\Train_Fight\DC10fyQgNqo_0.avi,RWF-2000,DC10fyQgNqo_0,train,violence
..\data\raw\rwf2000\train\Train_Fight\DC10fyQgNqo_1.avi,RWF-2000,DC10fyQgNqo_1,train,violence
..\data\raw\rwf2000\train\Train_Fight\DC10fyQgNqo_2.avi,RWF-2000,DC10fyQgNqo_2,train,violence
..\data\raw\rwf2000\train\Train_Fight\DC10fyQgNqo_3.avi,RWF-2000,DC10fyQgNqo_3,train,violence
..\data\raw\rwf2000\train\Train_Fight\dfsafsghg_325.avi,RWF-2000,dfsafsghg_325,train,violence
..\data\raw\rwf2000\train\Train_Fight\dfsafsghg_326.avi,RWF-2000,dfsafsghg_326,train,violence
..\data\raw\rwf2000\train\Train_Fight\dfsafsghg_327.avi,RWF-2000,dfsafsghg_327,train,violence
..\data\raw\rwf2000\train\Train_Fight\dHEI4OkhC64_0.avi,RWF-2000,dHEI4OkhC64_0,train,violence
..\data\raw\rwf2000\train\Train_Fight\DHhyNrXr_0.avi,RWF-2000,DHhyNrXr_0,train,violence
..\data\raw\rwf2000\train\Train_Fight\DHhyNrXr_1.avi,RWF-2000,DHhyNrXr_1,train,violence
..\data\raw\rwf2000\train\Train_Fight\DHhyNrXr_2.avi,RWF-2000,DHhyNrXr_2,train,violence
..\data\raw\rwf2000\train\Train_Fight\DHhyNrXr_5.avi,RWF-2000,DHhyNrXr_5,train,violence
..\data\raw\rwf2000\train\Train_Fight\DIsQwAdR8MI_0.avi,RWF-2000,DIsQwAdR8MI_0,train,violence
..\data\raw\rwf2000\train\Train_Fight\dKqbUbuRxB4_0.avi,RWF-2000,dKqbUbuRxB4_0,train,violence
..\data\raw\rwf2000\train\Train_Fight\dOM7frJMFbc_0.avi,RWF-2000,dOM7frJMFbc_0,train,violence
..\data\raw\rwf2000\train\Train_Fight\dOM7frJMFbc_1.avi,RWF-2000,dOM7frJMFbc_1,train,violence
..\data\raw\rwf2000\train\Train_Fight\dOM7frJMFbc_2.avi,RWF-2000,dOM7frJMFbc_2,train,violence
..\data\raw\rwf2000\train\Train_Fight\dP20avzQAf8_0.avi,RWF-2000,dP20avzQAf8_0,train,violence
..\data\raw\rwf2000\train\Train_Fight\dP20avzQAf8_1.avi,RWF-2000,dP20avzQAf8_1,train,violence
..\data\raw\rwf2000\train\Train_Fight\dt8YUGoOSgQ_0.avi,RWF-2000,dt8YUGoOSgQ_0,train,violence
..\data\raw\rwf2000\train\Train_Fight\dt8YUGoOSgQ_1.avi,RWF-2000,dt8YUGoOSgQ_1,train,violence
..\data\raw\rwf2000\train\Train_Fight\DTq6Gu30-uA_0.avi,RWF-2000,DTq6Gu30-uA_0,train,violence
..\data\raw\rwf2000\train\Train_Fight\DTq6Gu30-uA_1.avi,RWF-2000,DTq6Gu30-uA_1,train,violence
..\data\raw\rwf2000\train\Train_Fight\DTq6Gu30-uA_2.avi,RWF-2000,DTq6Gu30-uA_2,train,violence
..\data\raw\rwf2000\train\Train_Fight\DTq6Gu30-uA_3.avi,RWF-2000,DTq6Gu30-uA_3,train,violence
..\data\raw\rwf2000\train\Train_Fight\DTq6Gu30-uA_4.avi,RWF-2000,DTq6Gu30-uA_4,train,violence
..\data\raw\rwf2000\train\Train_Fight\DTq6Gu30-uA_5.avi,RWF-2000,DTq6Gu30-uA_5,train,violence
..\data\raw\rwf2000\train\Train_Fight\DTq6Gu30-uA_6.avi,RWF-2000,DTq6Gu30-uA_6,train,violence
..\data\raw\rwf2000\train\Train_Fight\dxzvtJ4gPC0_0.avi,RWF-2000,dxzvtJ4gPC0_0,train,violence
..\data\raw\rwf2000\train\Train_Fight\dxzvtJ4gPC0_1.avi,RWF-2000,dxzvtJ4gPC0_1,train,violence
..\data\raw\rwf2000\train\Train_Fight\E0Huf4Qi0JE_0.avi,RWF-2000,E0Huf4Qi0JE_0,train,violence
..\data\raw\rwf2000\train\Train_Fight\E0Huf4Qi0JE_1.avi,RWF-2000,E0Huf4Qi0JE_1,train,violence
..\data\raw\rwf2000\train\Train_Fight\E2gqgFNyPL8_0.avi,RWF-2000,E2gqgFNyPL8_0,train,violence
..\data\raw\rwf2000\train\Train_Fight\e4U3gEDEB58_0.avi,RWF-2000,e4U3gEDEB58_0,train,violence
..\data\raw\rwf2000\train\Train_Fight\ECoMcgjR_0.avi,RWF-2000,ECoMcgjR_0,train,violence
..\data\raw\rwf2000\train\Train_Fight\eifiXLWYul8_0.avi,RWF-2000,eifiXLWYul8_0,train,violence
..\data\raw\rwf2000\train\Train_Fight\Ek0jcAoCRw8_0.avi,RWF-2000,Ek0jcAoCRw8_0,train,violence
..\data\raw\rwf2000\train\Train_Fight\Er-sOPbvRVI_0.avi,RWF-2000,Er-sOPbvRVI_0,train,violence
..\data\raw\rwf2000\train\Train_Fight\erwyrhd_337.avi,RWF-2000,erwyrhd_337,train,violence
..\data\raw\rwf2000\train\Train_Fight\erwyrhd_338.avi,RWF-2000,erwyrhd_338,train,violence
..\data\raw\rwf2000\train\Train_Fight\erwyrhd_339.avi,RWF-2000,erwyrhd_339,train,violence
..\data\raw\rwf2000\train\Train_Fight\erwyrhd_340.avi,RWF-2000,erwyrhd_340,train,violence
..\data\raw\rwf2000\train\Train_Fight\EtRfZ2KP_0.avi,RWF-2000,EtRfZ2KP_0,train,violence
..\data\raw\rwf2000\train\Train_Fight\EtRfZ2KP_2.avi,RWF-2000,EtRfZ2KP_2,train,violence
..\data\raw\rwf2000\train\Train_Fight\EtRfZ2KP_3.avi,RWF-2000,EtRfZ2KP_3,train,violence
..\data\raw\rwf2000\train\Train_Fight\EtRfZ2KP_4.avi,RWF-2000,EtRfZ2KP_4,train,violence
..\data\raw\rwf2000\train\Train_Fight\EtRfZ2KP_5.avi,RWF-2000,EtRfZ2KP_5,train,violence
..\data\raw\rwf2000\train\Train_Fight\f50PQz7mXds_0.avi,RWF-2000,f50PQz7mXds_0,train,violence
..\data\raw\rwf2000\train\Train_Fight\f50PQz7mXds_1.avi,RWF-2000,f50PQz7mXds_1,train,violence
..\data\raw\rwf2000\train\Train_Fight\F7W6PQ3V3y8_0.avi,RWF-2000,F7W6PQ3V3y8_0,train,violence
..\data\raw\rwf2000\train\Train_Fight\F7W6PQ3V3y8_1.avi,RWF-2000,F7W6PQ3V3y8_1,train,violence
..\data\raw\rwf2000\train\Train_Fight\F7W6PQ3V3y8_10.avi,RWF-2000,F7W6PQ3V3y8_10,train,violence
..\data\raw\rwf2000\train\Train_Fight\F7W6PQ3V3y8_11.avi,RWF-2000,F7W6PQ3V3y8_11,train,violence
..\data\raw\rwf2000\train\Train_Fight\F7W6PQ3V3y8_2.avi,RWF-2000,F7W6PQ3V3y8_2,train,violence
..\data\raw\rwf2000\train\Train_Fight\F7W6PQ3V3y8_3.avi,RWF-2000,F7W6PQ3V3y8_3,train,violence
..\data\raw\rwf2000\train\Train_Fight\F7W6PQ3V3y8_4.avi,RWF-2000,F7W6PQ3V3y8_4,train,violence
..\data\raw\rwf2000\train\Train_Fight\F7W6PQ3V3y8_5.avi,RWF-2000,F7W6PQ3V3y8_5,train,violence
..\data\raw\rwf2000\train\Train_Fight\F7W6PQ3V3y8_6.avi,RWF-2000,F7W6PQ3V3y8_6,train,violence
..\data\raw\rwf2000\train\Train_Fight\F7W6PQ3V3y8_7.avi,RWF-2000,F7W6PQ3V3y8_7,train,violence
..\data\raw\rwf2000\train\Train_Fight\F7W6PQ3V3y8_8.avi,RWF-2000,F7W6PQ3V3y8_8,train,violence
..\data\raw\rwf2000\train\Train_Fight\F7W6PQ3V3y8_9.avi,RWF-2000,F7W6PQ3V3y8_9,train,violence
..\data\raw\rwf2000\train\Train_Fight\Fc45rUKM_0.avi,RWF-2000,Fc45rUKM_0,train,violence
..\data\raw\rwf2000\train\Train_Fight\Fc45rUKM_1.avi,RWF-2000,Fc45rUKM_1,train,violence
..\data\raw\rwf2000\train\Train_Fight\Fc45rUKM_2.avi,RWF-2000,Fc45rUKM_2,train,violence
..\data\raw\rwf2000\train\Train_Fight\Fc45rUKM_3.avi,RWF-2000,Fc45rUKM_3,train,violence
..\data\raw\rwf2000\train\Train_Fight\Fc45rUKM_4.avi,RWF-2000,Fc45rUKM_4,train,violence
..\data\raw\rwf2000\train\Train_Fight\Fc45rUKM_5.avi,RWF-2000,Fc45rUKM_5,train,violence
..\data\raw\rwf2000\train\Train_Fight\Fc45rUKM_6.avi,RWF-2000,Fc45rUKM_6,train,violence
..\data\raw\rwf2000\train\Train_Fight\fK7CSrQ6OpM_1.avi,RWF-2000,fK7CSrQ6OpM_1,train,violence
..\data\raw\rwf2000\train\Train_Fight\fK7CSrQ6OpM_2.avi,RWF-2000,fK7CSrQ6OpM_2,train,violence
..\data\raw\rwf2000\train\Train_Fight\fK7CSrQ6OpM_4.avi,RWF-2000,fK7CSrQ6OpM_4,train,violence
..\data\raw\rwf2000\train\Train_Fight\fRYqXRRcqCs_0.avi,RWF-2000,fRYqXRRcqCs_0,train,violence
..\data\raw\rwf2000\train\Train_Fight\FSaZ8wiFw8Q_0.avi,RWF-2000,FSaZ8wiFw8Q_0,train,violence
..\data\raw\rwf2000\train\Train_Fight\fSE4L50n_0.avi,RWF-2000,fSE4L50n_0,train,violence
..\data\raw\rwf2000\train\Train_Fight\fsVC-FnnklU_0.avi,RWF-2000,fsVC-FnnklU_0,train,violence
..\data\raw\rwf2000\train\Train_Fight\fsVC-FnnklU_1.avi,RWF-2000,fsVC-FnnklU_1,train,violence
..\data\raw\rwf2000\train\Train_Fight\fwEk96k8g_I_0.avi,RWF-2000,fwEk96k8g_I_0,train,violence
..\data\raw\rwf2000\train\Train_Fight\fwEk96k8g_I_1.avi,RWF-2000,fwEk96k8g_I_1,train,violence
..\data\raw\rwf2000\train\Train_Fight\fwEk96k8g_I_2.avi,RWF-2000,fwEk96k8g_I_2,train,violence
..\data\raw\rwf2000\train\Train_Fight\fwEk96k8g_I_3.avi,RWF-2000,fwEk96k8g_I_3,train,violence
..\data\raw\rwf2000\train\Train_Fight\FZDDNtcaBcw_0.avi,RWF-2000,FZDDNtcaBcw_0,train,violence
..\data\raw\rwf2000\train\Train_Fight\FZDDNtcaBcw_1.avi,RWF-2000,FZDDNtcaBcw_1,train,violence
..\data\raw\rwf2000\train\Train_Fight\FZDDNtcaBcw_2.avi,RWF-2000,FZDDNtcaBcw_2,train,violence
..\data\raw\rwf2000\train\Train_Fight\G3E1YP6agWs_0.avi,RWF-2000,G3E1YP6agWs_0,train,violence
..\data\raw\rwf2000\train\Train_Fight\G3E1YP6agWs_1.avi,RWF-2000,G3E1YP6agWs_1,train,violence
..\data\raw\rwf2000\train\Train_Fight\GafFu4IZtIA_0.avi,RWF-2000,GafFu4IZtIA_0,train,violence
..\data\raw\rwf2000\train\Train_Fight\GafFu4IZtIA_1.avi,RWF-2000,GafFu4IZtIA_1,train,violence
..\data\raw\rwf2000\train\Train_Fight\GafFu4IZtIA_2.avi,RWF-2000,GafFu4IZtIA_2,train,violence
..\data\raw\rwf2000\train\Train_Fight\GafFu4IZtIA_3.avi,RWF-2000,GafFu4IZtIA_3,train,violence
..\data\raw\rwf2000\train\Train_Fight\GafFu4IZtIA_4.avi,RWF-2000,GafFu4IZtIA_4,train,violence
..\data\raw\rwf2000\train\Train_Fight\GafFu4IZtIA_6.avi,RWF-2000,GafFu4IZtIA_6,train,violence
..\data\raw\rwf2000\train\Train_Fight\GafFu4IZtIA_7.avi,RWF-2000,GafFu4IZtIA_7,train,violence
..\data\raw\rwf2000\train\Train_Fight\gHcG_c1i4uE_0.avi,RWF-2000,gHcG_c1i4uE_0,train,violence
..\data\raw\rwf2000\train\Train_Fight\GhZRf4GIw0w_0.avi,RWF-2000,GhZRf4GIw0w_0,train,violence
..\data\raw\rwf2000\train\Train_Fight\gJDvtfRrM7k_0.avi,RWF-2000,gJDvtfRrM7k_0,train,violence
..\data\raw\rwf2000\train\Train_Fight\gJDvtfRrM7k_1.avi,RWF-2000,gJDvtfRrM7k_1,train,violence
..\data\raw\rwf2000\train\Train_Fight\GKsvH_pVNQU_0.avi,RWF-2000,GKsvH_pVNQU_0,train,violence
..\data\raw\rwf2000\train\Train_Fight\GKsvH_pVNQU_1.avi,RWF-2000,GKsvH_pVNQU_1,train,violence
..\data\raw\rwf2000\train\Train_Fight\gnBmOf7v_0.avi,RWF-2000,gnBmOf7v_0,train,violence
..\data\raw\rwf2000\train\Train_Fight\gnBmOf7v_1.avi,RWF-2000,gnBmOf7v_1,train,violence
..\data\raw\rwf2000\train\Train_Fight\gnBmOf7v_2.avi,RWF-2000,gnBmOf7v_2,train,violence
..\data\raw\rwf2000\train\Train_Fight\gNIohJfdvEc_0.avi,RWF-2000,gNIohJfdvEc_0,train,violence
..\data\raw\rwf2000\train\Train_Fight\gNIohJfdvEc_1.avi,RWF-2000,gNIohJfdvEc_1,train,violence
..\data\raw\rwf2000\train\Train_Fight\gNIohJfdvEc_2.avi,RWF-2000,gNIohJfdvEc_2,train,violence
..\data\raw\rwf2000\train\Train_Fight\Gr3ikl6A2bE_1.avi,RWF-2000,Gr3ikl6A2bE_1,train,violence
..\data\raw\rwf2000\train\Train_Fight\Gr3ikl6A2bE_2.avi,RWF-2000,Gr3ikl6A2bE_2,train,violence
..\data\raw\rwf2000\train\Train_Fight\gR4OsEPl894_0.avi,RWF-2000,gR4OsEPl894_0,train,violence
..\data\raw\rwf2000\train\Train_Fight\gR4OsEPl894_2.avi,RWF-2000,gR4OsEPl894_2,train,violence
..\data\raw\rwf2000\train\Train_Fight\GtGAcKxn_0.avi,RWF-2000,GtGAcKxn_0,train,violence
..\data\raw\rwf2000\train\Train_Fight\GuLMP_IOrR0_0.avi,RWF-2000,GuLMP_IOrR0_0,train,violence
..\data\raw\rwf2000\train\Train_Fight\GuLMP_IOrR0_1.avi,RWF-2000,GuLMP_IOrR0_1,train,violence
..\data\raw\rwf2000\train\Train_Fight\H1AzC-GyKto_0.avi,RWF-2000,H1AzC-GyKto_0,train,violence
..\data\raw\rwf2000\train\Train_Fight\H1AzC-GyKto_1.avi,RWF-2000,H1AzC-GyKto_1,train,violence
..\data\raw\rwf2000\train\Train_Fight\hEjHnhy2_0.avi,RWF-2000,hEjHnhy2_0,train,violence
..\data\raw\rwf2000\train\Train_Fight\HgwpC5Xx_0.avi,RWF-2000,HgwpC5Xx_0,train,violence
..\data\raw\rwf2000\train\Train_Fight\HtbVjsRA_0.avi,RWF-2000,HtbVjsRA_0,train,violence
..\data\raw\rwf2000\train\Train_Fight\HtbVjsRA_1.avi,RWF-2000,HtbVjsRA_1,train,violence
..\data\raw\rwf2000\train\Train_Fight\HtbVjsRA_2.avi,RWF-2000,HtbVjsRA_2,train,violence
..\data\raw\rwf2000\train\Train_Fight\HVSv9sgz2ZI_0.avi,RWF-2000,HVSv9sgz2ZI_0,train,violence
..\data\raw\rwf2000\train\Train_Fight\HVSv9sgz2ZI_1.avi,RWF-2000,HVSv9sgz2ZI_1,train,violence
..\data\raw\rwf2000\train\Train_Fight\HVSv9sgz2ZI_2.avi,RWF-2000,HVSv9sgz2ZI_2,train,violence
..\data\raw\rwf2000\train\Train_Fight\HVSv9sgz2ZI_4.avi,RWF-2000,HVSv9sgz2ZI_4,train,violence
..\data\raw\rwf2000\train\Train_Fight\HVSv9sgz2ZI_5.avi,RWF-2000,HVSv9sgz2ZI_5,train,violence
..\data\raw\rwf2000\train\Train_Fight\HW48LUZKOL4_0.avi,RWF-2000,HW48LUZKOL4_0,train,violence
..\data\raw\rwf2000\train\Train_Fight\HW48LUZKOL4_1.avi,RWF-2000,HW48LUZKOL4_1,train,violence
..\data\raw\rwf2000\train\Train_Fight\HW48LUZKOL4_2.avi,RWF-2000,HW48LUZKOL4_2,train,violence
..\data\raw\rwf2000\train\Train_Fight\HW48LUZKOL4_4.avi,RWF-2000,HW48LUZKOL4_4,train,violence
..\data\raw\rwf2000\train\Train_Fight\H_VQJU0Bqpc_1.avi,RWF-2000,H_VQJU0Bqpc_1,train,violence
..\data\raw\rwf2000\train\Train_Fight\H_VQJU0Bqpc_2.avi,RWF-2000,H_VQJU0Bqpc_2,train,violence
..\data\raw\rwf2000\train\Train_Fight\I-x0G5pAan0_0.avi,RWF-2000,I-x0G5pAan0_0,train,violence
..\data\raw\rwf2000\train\Train_Fight\i2sLegg2JPA_0.avi,RWF-2000,i2sLegg2JPA_0,train,violence
..\data\raw\rwf2000\train\Train_Fight\i2sLegg2JPA_1.avi,RWF-2000,i2sLegg2JPA_1,train,violence
..\data\raw\rwf2000\train\Train_Fight\i5xJxtv4gXs_0.avi,RWF-2000,i5xJxtv4gXs_0,train,violence
..\data\raw\rwf2000\train\Train_Fight\i5xJxtv4gXs_1.avi,RWF-2000,i5xJxtv4gXs_1,train,violence
..\data\raw\rwf2000\train\Train_Fight\i5xJxtv4gXs_2.avi,RWF-2000,i5xJxtv4gXs_2,train,violence
..\data\raw\rwf2000\train\Train_Fight\i5xJxtv4gXs_3.avi,RWF-2000,i5xJxtv4gXs_3,train,violence
..\data\raw\rwf2000\train\Train_Fight\i5xJxtv4gXs_4.avi,RWF-2000,i5xJxtv4gXs_4,train,violence
..\data\raw\rwf2000\train\Train_Fight\iHUwZBSx_0.avi,RWF-2000,iHUwZBSx_0,train,violence
..\data\raw\rwf2000\train\Train_Fight\Ile3EVQA_0.avi,RWF-2000,Ile3EVQA_0,train,violence
..\data\raw\rwf2000\train\Train_Fight\Ile3EVQA_1.avi,RWF-2000,Ile3EVQA_1,train,violence
..\data\raw\rwf2000\train\Train_Fight\iP6yS_OroMk_0.avi,RWF-2000,iP6yS_OroMk_0,train,violence
..\data\raw\rwf2000\train\Train_Fight\iquSbj5Wqj0_0.avi,RWF-2000,iquSbj5Wqj0_0,train,violence
..\data\raw\rwf2000\train\Train_Fight\iquSbj5Wqj0_1.avi,RWF-2000,iquSbj5Wqj0_1,train,violence
..\data\raw\rwf2000\train\Train_Fight\jCD7lUJQ7Xc_0.avi,RWF-2000,jCD7lUJQ7Xc_0,train,violence
..\data\raw\rwf2000\train\Train_Fight\jCD7lUJQ7Xc_1.avi,RWF-2000,jCD7lUJQ7Xc_1,train,violence
..\data\raw\rwf2000\train\Train_Fight\jILBnY3lB2Q_0.avi,RWF-2000,jILBnY3lB2Q_0,train,violence
..\data\raw\rwf2000\train\Train_Fight\JJG0bHPur50_0.avi,RWF-2000,JJG0bHPur50_0,train,violence
..\data\raw\rwf2000\train\Train_Fight\JJG0bHPur50_1.avi,RWF-2000,JJG0bHPur50_1,train,violence
..\data\raw\rwf2000\train\Train_Fight\JJG0bHPur50_2.avi,RWF-2000,JJG0bHPur50_2,train,violence
..\data\raw\rwf2000\train\Train_Fight\jmZqmYnH_0.avi,RWF-2000,jmZqmYnH_0,train,violence
..\data\raw\rwf2000\train\Train_Fight\jmZqmYnH_1.avi,RWF-2000,jmZqmYnH_1,train,violence
..\data\raw\rwf2000\train\Train_Fight\JPIeYvRgo6I_0.avi,RWF-2000,JPIeYvRgo6I_0,train,violence
..\data\raw\rwf2000\train\Train_Fight\JPIeYvRgo6I_1.avi,RWF-2000,JPIeYvRgo6I_1,train,violence
..\data\raw\rwf2000\train\Train_Fight\Jq8neqBlL2Y_2.avi,RWF-2000,Jq8neqBlL2Y_2,train,violence
..\data\raw\rwf2000\train\Train_Fight\Jq8neqBlL2Y_3.avi,RWF-2000,Jq8neqBlL2Y_3,train,violence
..\data\raw\rwf2000\train\Train_Fight\Jq8neqBlL2Y_4.avi,RWF-2000,Jq8neqBlL2Y_4,train,violence
..\data\raw\rwf2000\train\Train_Fight\Jq8neqBlL2Y_5.avi,RWF-2000,Jq8neqBlL2Y_5,train,violence
..\data\raw\rwf2000\train\Train_Fight\JRL5Vvql_0.avi,RWF-2000,JRL5Vvql_0,train,violence
..\data\raw\rwf2000\train\Train_Fight\JRL5Vvql_1.avi,RWF-2000,JRL5Vvql_1,train,violence
..\data\raw\rwf2000\train\Train_Fight\Jt4WbOZeT7s_0.avi,RWF-2000,Jt4WbOZeT7s_0,train,violence
..\data\raw\rwf2000\train\Train_Fight\jTbvVbkUaPM_0.avi,RWF-2000,jTbvVbkUaPM_0,train,violence
..\data\raw\rwf2000\train\Train_Fight\jTbvVbkUaPM_4.avi,RWF-2000,jTbvVbkUaPM_4,train,violence
..\data\raw\rwf2000\train\Train_Fight\jTbvVbkUaPM_5.avi,RWF-2000,jTbvVbkUaPM_5,train,violence
..\data\raw\rwf2000\train\Train_Fight\jtzWSah-BZM_0.avi,RWF-2000,jtzWSah-BZM_0,train,violence
..\data\raw\rwf2000\train\Train_Fight\JwTPruSFTjk_0.avi,RWF-2000,JwTPruSFTjk_0,train,violence
..\data\raw\rwf2000\train\Train_Fight\JwTPruSFTjk_1.avi,RWF-2000,JwTPruSFTjk_1,train,violence
..\data\raw\rwf2000\train\Train_Fight\K6WRP2xi_0.avi,RWF-2000,K6WRP2xi_0,train,violence
..\data\raw\rwf2000\train\Train_Fight\K6WRP2xi_1.avi,RWF-2000,K6WRP2xi_1,train,violence
..\data\raw\rwf2000\train\Train_Fight\K6WRP2xi_2.avi,RWF-2000,K6WRP2xi_2,train,violence
..\data\raw\rwf2000\train\Train_Fight\K6WRP2xi_3.avi,RWF-2000,K6WRP2xi_3,train,violence
..\data\raw\rwf2000\train\Train_Fight\kExp3yhspR0_0.avi,RWF-2000,kExp3yhspR0_0,train,violence
..\data\raw\rwf2000\train\Train_Fight\kExp3yhspR0_1.avi,RWF-2000,kExp3yhspR0_1,train,violence
..\data\raw\rwf2000\train\Train_Fight\kExp3yhspR0_2.avi,RWF-2000,kExp3yhspR0_2,train,violence
..\data\raw\rwf2000\train\Train_Fight\kExp3yhspR0_3.avi,RWF-2000,kExp3yhspR0_3,train,violence
..\data\raw\rwf2000\train\Train_Fight\kLHNW0uRutY_0.avi,RWF-2000,kLHNW0uRutY_0,train,violence
..\data\raw\rwf2000\train\Train_Fight\kLHNW0uRutY_1.avi,RWF-2000,kLHNW0uRutY_1,train,violence
..\data\raw\rwf2000\train\Train_Fight\kLHNW0uRutY_2.avi,RWF-2000,kLHNW0uRutY_2,train,violence
..\data\raw\rwf2000\train\Train_Fight\kLHNW0uRutY_3.avi,RWF-2000,kLHNW0uRutY_3,train,violence
..\data\raw\rwf2000\train\Train_Fight\kLHNW0uRutY_4.avi,RWF-2000,kLHNW0uRutY_4,train,violence
..\data\raw\rwf2000\train\Train_Fight\kLHNW0uRutY_5.avi,RWF-2000,kLHNW0uRutY_5,train,violence
..\data\raw\rwf2000\train\Train_Fight\kMI2JME3Aag_0.avi,RWF-2000,kMI2JME3Aag_0,train,violence
..\data\raw\rwf2000\train\Train_Fight\kMI2JME3Aag_1.avi,RWF-2000,kMI2JME3Aag_1,train,violence
..\data\raw\rwf2000\train\Train_Fight\kMI2JME3Aag_2.avi,RWF-2000,kMI2JME3Aag_2,train,violence
..\data\raw\rwf2000\train\Train_Fight\kOp57sQKMPY_0.avi,RWF-2000,kOp57sQKMPY_0,train,violence
..\data\raw\rwf2000\train\Train_Fight\kOp57sQKMPY_1.avi,RWF-2000,kOp57sQKMPY_1,train,violence
..\data\raw\rwf2000\train\Train_Fight\ksdkojifes_416.avi,RWF-2000,ksdkojifes_416,train,violence
..\data\raw\rwf2000\train\Train_Fight\Kx5lWLPZ0Y0_0.avi,RWF-2000,Kx5lWLPZ0Y0_0,train,violence
..\data\raw\rwf2000\train\Train_Fight\Kx5lWLPZ0Y0_1.avi,RWF-2000,Kx5lWLPZ0Y0_1,train,violence
..\data\raw\rwf2000\train\Train_Fight\K_7hT4N2QCE_0.avi,RWF-2000,K_7hT4N2QCE_0,train,violence
..\data\raw\rwf2000\train\Train_Fight\K_7hT4N2QCE_1.avi,RWF-2000,K_7hT4N2QCE_1,train,violence
..\data\raw\rwf2000\train\Train_Fight\K_7hT4N2QCE_2.avi,RWF-2000,K_7hT4N2QCE_2,train,violence
..\data\raw\rwf2000\train\Train_Fight\l4gqDHx9_dI_0.avi,RWF-2000,l4gqDHx9_dI_0,train,violence
..\data\raw\rwf2000\train\Train_Fight\l4gqDHx9_dI_1.avi,RWF-2000,l4gqDHx9_dI_1,train,violence
..\data\raw\rwf2000\train\Train_Fight\l4gqDHx9_dI_2.avi,RWF-2000,l4gqDHx9_dI_2,train,violence
..\data\raw\rwf2000\train\Train_Fight\l4gqDHx9_dI_3.avi,RWF-2000,l4gqDHx9_dI_3,train,violence
..\data\raw\rwf2000\train\Train_Fight\lI17Q0j3_0.avi,RWF-2000,lI17Q0j3_0,train,violence
..\data\raw\rwf2000\train\Train_Fight\lL3FQltu_0.avi,RWF-2000,lL3FQltu_0,train,violence
..\data\raw\rwf2000\train\Train_Fight\LLo_TXIz5-g_0.avi,RWF-2000,LLo_TXIz5-g_0,train,violence
..\data\raw\rwf2000\train\Train_Fight\lmfaDmCCRoY_0.avi,RWF-2000,lmfaDmCCRoY_0,train,violence
..\data\raw\rwf2000\train\Train_Fight\lmfaDmCCRoY_1.avi,RWF-2000,lmfaDmCCRoY_1,train,violence
..\data\raw\rwf2000\train\Train_Fight\lmfaDmCCRoY_2.avi,RWF-2000,lmfaDmCCRoY_2,train,violence
..\data\raw\rwf2000\train\Train_Fight\lmfaDmCCRoY_3.avi,RWF-2000,lmfaDmCCRoY_3,train,violence
..\data\raw\rwf2000\train\Train_Fight\lmfaDmCCRoY_4.avi,RWF-2000,lmfaDmCCRoY_4,train,violence
..\data\raw\rwf2000\train\Train_Fight\lmfaDmCCRoY_5.avi,RWF-2000,lmfaDmCCRoY_5,train,violence
..\data\raw\rwf2000\train\Train_Fight\lmfaDmCCRoY_6.avi,RWF-2000,lmfaDmCCRoY_6,train,violence
..\data\raw\rwf2000\train\Train_Fight\lmfaDmCCRoY_7.avi,RWF-2000,lmfaDmCCRoY_7,train,violence
..\data\raw\rwf2000\train\Train_Fight\lUjx4FXvv34_0.avi,RWF-2000,lUjx4FXvv34_0,train,violence
..\data\raw\rwf2000\train\Train_Fight\lUjx4FXvv34_1.avi,RWF-2000,lUjx4FXvv34_1,train,violence
..\data\raw\rwf2000\train\Train_Fight\mbW7VkAf6Yk_0.avi,RWF-2000,mbW7VkAf6Yk_0,train,violence
..\data\raw\rwf2000\train\Train_Fight\mbW7VkAf6Yk_1.avi,RWF-2000,mbW7VkAf6Yk_1,train,violence
..\data\raw\rwf2000\train\Train_Fight\mbW7VkAf6Yk_2.avi,RWF-2000,mbW7VkAf6Yk_2,train,violence
..\data\raw\rwf2000\train\Train_Fight\Mi4nMB8AHxI_0.avi,RWF-2000,Mi4nMB8AHxI_0,train,violence
..\data\raw\rwf2000\train\Train_Fight\Mi4nMB8AHxI_1.avi,RWF-2000,Mi4nMB8AHxI_1,train,violence
..\data\raw\rwf2000\train\Train_Fight\mRqg-WXiR7Q_0.avi,RWF-2000,mRqg-WXiR7Q_0,train,violence
..\data\raw\rwf2000\train\Train_Fight\mRqg-WXiR7Q_1.avi,RWF-2000,mRqg-WXiR7Q_1,train,violence
..\data\raw\rwf2000\train\Train_Fight\mRqg-WXiR7Q_2.avi,RWF-2000,mRqg-WXiR7Q_2,train,violence
..\data\raw\rwf2000\train\Train_Fight\mRqg-WXiR7Q_3.avi,RWF-2000,mRqg-WXiR7Q_3,train,violence
..\data\raw\rwf2000\train\Train_Fight\mVTcBPrjh-E_0.avi,RWF-2000,mVTcBPrjh-E_0,train,violence
..\data\raw\rwf2000\train\Train_Fight\mVTcBPrjh-E_1.avi,RWF-2000,mVTcBPrjh-E_1,train,violence
..\data\raw\rwf2000\train\Train_Fight\mX4cQM1xMFc_0.avi,RWF-2000,mX4cQM1xMFc_0,train,violence
..\data\raw\rwf2000\train\Train_Fight\mX4cQM1xMFc_1.avi,RWF-2000,mX4cQM1xMFc_1,train,violence
..\data\raw\rwf2000\train\Train_Fight\mX4cQM1xMFc_2.avi,RWF-2000,mX4cQM1xMFc_2,train,violence
..\data\raw\rwf2000\train\Train_Fight\mxlWEjopk_c_0.avi,RWF-2000,mxlWEjopk_c_0,train,violence
..\data\raw\rwf2000\train\Train_Fight\MzcX84QCuE8_0.avi,RWF-2000,MzcX84QCuE8_0,train,violence
..\data\raw\rwf2000\train\Train_Fight\N1Q9v-saJ_g_0.avi,RWF-2000,N1Q9v-saJ_g_0,train,violence
..\data\raw\rwf2000\train\Train_Fight\N1Q9v-saJ_g_1.avi,RWF-2000,N1Q9v-saJ_g_1,train,violence
..\data\raw\rwf2000\train\Train_Fight\N1Q9v-saJ_g_2.avi,RWF-2000,N1Q9v-saJ_g_2,train,violence
..\data\raw\rwf2000\train\Train_Fight\nBO2Wlr3LhU_0.avi,RWF-2000,nBO2Wlr3LhU_0,train,violence
..\data\raw\rwf2000\train\Train_Fight\nBO2Wlr3LhU_1.avi,RWF-2000,nBO2Wlr3LhU_1,train,violence
..\data\raw\rwf2000\train\Train_Fight\nNUeqFgG_0.avi,RWF-2000,nNUeqFgG_0,train,violence
..\data\raw\rwf2000\train\Train_Fight\nNUeqFgG_1.avi,RWF-2000,nNUeqFgG_1,train,violence
..\data\raw\rwf2000\train\Train_Fight\nNUeqFgG_3.avi,RWF-2000,nNUeqFgG_3,train,violence
..\data\raw\rwf2000\train\Train_Fight\nNUeqFgG_4.avi,RWF-2000,nNUeqFgG_4,train,violence
..\data\raw\rwf2000\train\Train_Fight\nNUeqFgG_5.avi,RWF-2000,nNUeqFgG_5,train,violence
..\data\raw\rwf2000\train\Train_Fight\NPeKBgURcxI_0.avi,RWF-2000,NPeKBgURcxI_0,train,violence
..\data\raw\rwf2000\train\Train_Fight\NPeKBgURcxI_1.avi,RWF-2000,NPeKBgURcxI_1,train,violence
..\data\raw\rwf2000\train\Train_Fight\NPeKBgURcxI_2.avi,RWF-2000,NPeKBgURcxI_2,train,violence
..\data\raw\rwf2000\train\Train_Fight\NpznjZe7A2M_0.avi,RWF-2000,NpznjZe7A2M_0,train,violence
..\data\raw\rwf2000\train\Train_Fight\NpznjZe7A2M_1.avi,RWF-2000,NpznjZe7A2M_1,train,violence
..\data\raw\rwf2000\train\Train_Fight\NvYo6CS_i_A_0.avi,RWF-2000,NvYo6CS_i_A_0,train,violence
..\data\raw\rwf2000\train\Train_Fight\NvYo6CS_i_A_1.avi,RWF-2000,NvYo6CS_i_A_1,train,violence
..\data\raw\rwf2000\train\Train_Fight\NvYo6CS_i_A_2.avi,RWF-2000,NvYo6CS_i_A_2,train,violence
..\data\raw\rwf2000\train\Train_Fight\NvYo6CS_i_A_3.avi,RWF-2000,NvYo6CS_i_A_3,train,violence
..\data\raw\rwf2000\train\Train_Fight\NxtwlqSnLbY_1.avi,RWF-2000,NxtwlqSnLbY_1,train,violence
..\data\raw\rwf2000\train\Train_Fight\NxtwlqSnLbY_2.avi,RWF-2000,NxtwlqSnLbY_2,train,violence
..\data\raw\rwf2000\train\Train_Fight\NxtwlqSnLbY_3.avi,RWF-2000,NxtwlqSnLbY_3,train,violence
..\data\raw\rwf2000\train\Train_Fight\NxtwlqSnLbY_4.avi,RWF-2000,NxtwlqSnLbY_4,train,violence
..\data\raw\rwf2000\train\Train_Fight\o9sRXy5r_0.avi,RWF-2000,o9sRXy5r_0,train,violence
..\data\raw\rwf2000\train\Train_Fight\o9sRXy5r_1.avi,RWF-2000,o9sRXy5r_1,train,violence
..\data\raw\rwf2000\train\Train_Fight\o9sRXy5r_2.avi,RWF-2000,o9sRXy5r_2,train,violence
..\data\raw\rwf2000\train\Train_Fight\o9sRXy5r_3.avi,RWF-2000,o9sRXy5r_3,train,violence
..\data\raw\rwf2000\train\Train_Fight\OAfV0xPIhZw_0.avi,RWF-2000,OAfV0xPIhZw_0,train,violence
..\data\raw\rwf2000\train\Train_Fight\OAfV0xPIhZw_1.avi,RWF-2000,OAfV0xPIhZw_1,train,violence
..\data\raw\rwf2000\train\Train_Fight\OAfV0xPIhZw_2.avi,RWF-2000,OAfV0xPIhZw_2,train,violence
..\data\raw\rwf2000\train\Train_Fight\OAfV0xPIhZw_3.avi,RWF-2000,OAfV0xPIhZw_3,train,violence
..\data\raw\rwf2000\train\Train_Fight\OAfV0xPIhZw_4.avi,RWF-2000,OAfV0xPIhZw_4,train,violence
..\data\raw\rwf2000\train\Train_Fight\oDGm-DOOyI4_0.avi,RWF-2000,oDGm-DOOyI4_0,train,violence
..\data\raw\rwf2000\train\Train_Fight\oDGm-DOOyI4_1.avi,RWF-2000,oDGm-DOOyI4_1,train,violence
..\data\raw\rwf2000\train\Train_Fight\oIEZ45OCmAw_0.avi,RWF-2000,oIEZ45OCmAw_0,train,violence
..\data\raw\rwf2000\train\Train_Fight\oIEZ45OCmAw_1.avi,RWF-2000,oIEZ45OCmAw_1,train,violence
..\data\raw\rwf2000\train\Train_Fight\oIEZ45OCmAw_2.avi,RWF-2000,oIEZ45OCmAw_2,train,violence
..\data\raw\rwf2000\train\Train_Fight\oIEZ45OCmAw_3.avi,RWF-2000,oIEZ45OCmAw_3,train,violence
..\data\raw\rwf2000\train\Train_Fight\oIEZ45OCmAw_4.avi,RWF-2000,oIEZ45OCmAw_4,train,violence
..\data\raw\rwf2000\train\Train_Fight\oM-goKOVjeU_0.avi,RWF-2000,oM-goKOVjeU_0,train,violence
..\data\raw\rwf2000\train\Train_Fight\oM-goKOVjeU_1.avi,RWF-2000,oM-goKOVjeU_1,train,violence
..\data\raw\rwf2000\train\Train_Fight\oowA6LToeTE_0.avi,RWF-2000,oowA6LToeTE_0,train,violence
..\data\raw\rwf2000\train\Train_Fight\oqCIUYdq_0.avi,RWF-2000,oqCIUYdq_0,train,violence
..\data\raw\rwf2000\train\Train_Fight\OTVE3eLAuUM_0.avi,RWF-2000,OTVE3eLAuUM_0,train,violence
..\data\raw\rwf2000\train\Train_Fight\OTVE3eLAuUM_1.avi,RWF-2000,OTVE3eLAuUM_1,train,violence
..\data\raw\rwf2000\train\Train_Fight\OTVE3eLAuUM_2.avi,RWF-2000,OTVE3eLAuUM_2,train,violence
..\data\raw\rwf2000\train\Train_Fight\Ou8ssKOQzI0_0.avi,RWF-2000,Ou8ssKOQzI0_0,train,violence
..\data\raw\rwf2000\train\Train_Fight\Ou8ssKOQzI0_1.avi,RWF-2000,Ou8ssKOQzI0_1,train,violence
..\data\raw\rwf2000\train\Train_Fight\Ou8ssKOQzI0_2.avi,RWF-2000,Ou8ssKOQzI0_2,train,violence
..\data\raw\rwf2000\train\Train_Fight\oVMhWJIpHnc_0.avi,RWF-2000,oVMhWJIpHnc_0,train,violence
..\data\raw\rwf2000\train\Train_Fight\oW8ySS0rN4Y_0.avi,RWF-2000,oW8ySS0rN4Y_0,train,violence
..\data\raw\rwf2000\train\Train_Fight\oW8ySS0rN4Y_1.avi,RWF-2000,oW8ySS0rN4Y_1,train,violence
..\data\raw\rwf2000\train\Train_Fight\p19HiyCX7EQ_0.avi,RWF-2000,p19HiyCX7EQ_0,train,violence
..\data\raw\rwf2000\train\Train_Fight\p19HiyCX7EQ_1.avi,RWF-2000,p19HiyCX7EQ_1,train,violence
..\data\raw\rwf2000\train\Train_Fight\p19HiyCX7EQ_2.avi,RWF-2000,p19HiyCX7EQ_2,train,violence
..\data\raw\rwf2000\train\Train_Fight\p1bUxYeJ_0.avi,RWF-2000,p1bUxYeJ_0,train,violence
..\data\raw\rwf2000\train\Train_Fight\p1bUxYeJ_1.avi,RWF-2000,p1bUxYeJ_1,train,violence
..\data\raw\rwf2000\train\Train_Fight\p1bUxYeJ_2.avi,RWF-2000,p1bUxYeJ_2,train,violence
..\data\raw\rwf2000\train\Train_Fight\p4DwXTNr-xc_0.avi,RWF-2000,p4DwXTNr-xc_0,train,violence
..\data\raw\rwf2000\train\Train_Fight\Pe1uIhp4dAQ_0.avi,RWF-2000,Pe1uIhp4dAQ_0,train,violence
..\data\raw\rwf2000\train\Train_Fight\Pe1uIhp4dAQ_1.avi,RWF-2000,Pe1uIhp4dAQ_1,train,violence
..\data\raw\rwf2000\train\Train_Fight\Pe1uIhp4dAQ_2.avi,RWF-2000,Pe1uIhp4dAQ_2,train,violence
..\data\raw\rwf2000\train\Train_Fight\Pe1uIhp4dAQ_3.avi,RWF-2000,Pe1uIhp4dAQ_3,train,violence
..\data\raw\rwf2000\train\Train_Fight\Pe1uIhp4dAQ_4.avi,RWF-2000,Pe1uIhp4dAQ_4,train,violence
..\data\raw\rwf2000\train\Train_Fight\PFw7SeFOD04_0.avi,RWF-2000,PFw7SeFOD04_0,train,violence
..\data\raw\rwf2000\train\Train_Fight\PFw7SeFOD04_1.avi,RWF-2000,PFw7SeFOD04_1,train,violence
..\data\raw\rwf2000\train\Train_Fight\PFw7SeFOD04_2.avi,RWF-2000,PFw7SeFOD04_2,train,violence
..\data\raw\rwf2000\train\Train_Fight\PFw7SeFOD04_3.avi,RWF-2000,PFw7SeFOD04_3,train,violence
..\data\raw\rwf2000\train\Train_Fight\PJDdPv2b9-s_0.avi,RWF-2000,PJDdPv2b9-s_0,train,violence
..\data\raw\rwf2000\train\Train_Fight\pKOUG5AqLpY_0.avi,RWF-2000,pKOUG5AqLpY_0,train,violence
..\data\raw\rwf2000\train\Train_Fight\pKOUG5AqLpY_1.avi,RWF-2000,pKOUG5AqLpY_1,train,violence
..\data\raw\rwf2000\train\Train_Fight\PlHzsigAFas_0.avi,RWF-2000,PlHzsigAFas_0,train,violence
..\data\raw\rwf2000\train\Train_Fight\PlHzsigAFas_1.avi,RWF-2000,PlHzsigAFas_1,train,violence
..\data\raw\rwf2000\train\Train_Fight\PlHzsigAFas_10.avi,RWF-2000,PlHzsigAFas_10,train,violence
..\data\raw\rwf2000\train\Train_Fight\PlHzsigAFas_11.avi,RWF-2000,PlHzsigAFas_11,train,violence
..\data\raw\rwf2000\train\Train_Fight\PlHzsigAFas_2.avi,RWF-2000,PlHzsigAFas_2,train,violence
..\data\raw\rwf2000\train\Train_Fight\PlHzsigAFas_3.avi,RWF-2000,PlHzsigAFas_3,train,violence
..\data\raw\rwf2000\train\Train_Fight\PlHzsigAFas_4.avi,RWF-2000,PlHzsigAFas_4,train,violence
..\data\raw\rwf2000\train\Train_Fight\PlHzsigAFas_5.avi,RWF-2000,PlHzsigAFas_5,train,violence
..\data\raw\rwf2000\train\Train_Fight\PlHzsigAFas_7.avi,RWF-2000,PlHzsigAFas_7,train,violence
..\data\raw\rwf2000\train\Train_Fight\PlHzsigAFas_8.avi,RWF-2000,PlHzsigAFas_8,train,violence
..\data\raw\rwf2000\train\Train_Fight\PlHzsigAFas_9.avi,RWF-2000,PlHzsigAFas_9,train,violence
..\data\raw\rwf2000\train\Train_Fight\POGFN_429.avi,RWF-2000,POGFN_429,train,violence
..\data\raw\rwf2000\train\Train_Fight\POGFN_430.avi,RWF-2000,POGFN_430,train,violence
..\data\raw\rwf2000\train\Train_Fight\POGFN_432.avi,RWF-2000,POGFN_432,train,violence
..\data\raw\rwf2000\train\Train_Fight\PTy2vx8Ejas_0.avi,RWF-2000,PTy2vx8Ejas_0,train,violence
..\data\raw\rwf2000\train\Train_Fight\PTy2vx8Ejas_1.avi,RWF-2000,PTy2vx8Ejas_1,train,violence
..\data\raw\rwf2000\train\Train_Fight\PTy2vx8Ejas_2.avi,RWF-2000,PTy2vx8Ejas_2,train,violence
..\data\raw\rwf2000\train\Train_Fight\PTy2vx8Ejas_3.avi,RWF-2000,PTy2vx8Ejas_3,train,violence
..\data\raw\rwf2000\train\Train_Fight\PTy2vx8Ejas_5.avi,RWF-2000,PTy2vx8Ejas_5,train,violence
..\data\raw\rwf2000\train\Train_Fight\Q1ycSrzoM2c_1.avi,RWF-2000,Q1ycSrzoM2c_1,train,violence
..\data\raw\rwf2000\train\Train_Fight\Q1ycSrzoM2c_2.avi,RWF-2000,Q1ycSrzoM2c_2,train,violence
..\data\raw\rwf2000\train\Train_Fight\QaIY5Au8yOc_0.avi,RWF-2000,QaIY5Au8yOc_0,train,violence
..\data\raw\rwf2000\train\Train_Fight\QaIY5Au8yOc_1.avi,RWF-2000,QaIY5Au8yOc_1,train,violence
..\data\raw\rwf2000\train\Train_Fight\QaIY5Au8yOc_2.avi,RWF-2000,QaIY5Au8yOc_2,train,violence
..\data\raw\rwf2000\train\Train_Fight\QkqaGJ9x_0.avi,RWF-2000,QkqaGJ9x_0,train,violence
..\data\raw\rwf2000\train\Train_Fight\QkqaGJ9x_1.avi,RWF-2000,QkqaGJ9x_1,train,violence
..\data\raw\rwf2000\train\Train_Fight\QkqaGJ9x_2.avi,RWF-2000,QkqaGJ9x_2,train,violence
..\data\raw\rwf2000\train\Train_Fight\QkqaGJ9x_3.avi,RWF-2000,QkqaGJ9x_3,train,violence
..\data\raw\rwf2000\train\Train_Fight\qmvilMkD57M_0.avi,RWF-2000,qmvilMkD57M_0,train,violence
..\data\raw\rwf2000\train\Train_Fight\qmvilMkD57M_1.avi,RWF-2000,qmvilMkD57M_1,train,violence
..\data\raw\rwf2000\train\Train_Fight\qrWTk-2a13o_1.avi,RWF-2000,qrWTk-2a13o_1,train,violence
..\data\raw\rwf2000\train\Train_Fight\qrWTk-2a13o_2.avi,RWF-2000,qrWTk-2a13o_2,train,violence
..\data\raw\rwf2000\train\Train_Fight\qrWTk-2a13o_3.avi,RWF-2000,qrWTk-2a13o_3,train,violence
..\data\raw\rwf2000\train\Train_Fight\QUGT4a6qcJs_0.avi,RWF-2000,QUGT4a6qcJs_0,train,violence
..\data\raw\rwf2000\train\Train_Fight\QUGT4a6qcJs_1.avi,RWF-2000,QUGT4a6qcJs_1,train,violence
..\data\raw\rwf2000\train\Train_Fight\QUGT4a6qcJs_2.avi,RWF-2000,QUGT4a6qcJs_2,train,violence
..\data\raw\rwf2000\train\Train_Fight\R1A_AxUKosk_0.avi,RWF-2000,R1A_AxUKosk_0,train,violence
..\data\raw\rwf2000\train\Train_Fight\R1A_AxUKosk_1.avi,RWF-2000,R1A_AxUKosk_1,train,violence
..\data\raw\rwf2000\train\Train_Fight\R1A_AxUKosk_2.avi,RWF-2000,R1A_AxUKosk_2,train,violence
..\data\raw\rwf2000\train\Train_Fight\R1A_AxUKosk_3.avi,RWF-2000,R1A_AxUKosk_3,train,violence
..\data\raw\rwf2000\train\Train_Fight\R1A_AxUKosk_4.avi,RWF-2000,R1A_AxUKosk_4,train,violence
..\data\raw\rwf2000\train\Train_Fight\r8PX3ZJ1_II_0.avi,RWF-2000,r8PX3ZJ1_II_0,train,violence
..\data\raw\rwf2000\train\Train_Fight\reg_495.avi,RWF-2000,reg_495,train,violence
..\data\raw\rwf2000\train\Train_Fight\rfthfd_534.avi,RWF-2000,rfthfd_534,train,violence
..\data\raw\rwf2000\train\Train_Fight\rfthfd_535.avi,RWF-2000,rfthfd_535,train,violence
..\data\raw\rwf2000\train\Train_Fight\rfthfd_536.avi,RWF-2000,rfthfd_536,train,violence
..\data\raw\rwf2000\train\Train_Fight\rfthfd_537.avi,RWF-2000,rfthfd_537,train,violence
..\data\raw\rwf2000\train\Train_Fight\rfthfd_538.avi,RWF-2000,rfthfd_538,train,violence
..\data\raw\rwf2000\train\Train_Fight\RGIpCpdlzI8_0.avi,RWF-2000,RGIpCpdlzI8_0,train,violence
..\data\raw\rwf2000\train\Train_Fight\Ri_poPbOu-k_0.avi,RWF-2000,Ri_poPbOu-k_0,train,violence
..\data\raw\rwf2000\train\Train_Fight\Ri_poPbOu-k_1.avi,RWF-2000,Ri_poPbOu-k_1,train,violence
..\data\raw\rwf2000\train\Train_Fight\Ri_poPbOu-k_2.avi,RWF-2000,Ri_poPbOu-k_2,train,violence
..\data\raw\rwf2000\train\Train_Fight\rn7Qjaj9_0.avi,RWF-2000,rn7Qjaj9_0,train,violence
..\data\raw\rwf2000\train\Train_Fight\rn7Qjaj9_1.avi,RWF-2000,rn7Qjaj9_1,train,violence
..\data\raw\rwf2000\train\Train_Fight\ROiHwksPSrg_0.avi,RWF-2000,ROiHwksPSrg_0,train,violence
..\data\raw\rwf2000\train\Train_Fight\RTCFGASH_573.avi,RWF-2000,RTCFGASH_573,train,violence
..\data\raw\rwf2000\train\Train_Fight\RTCFGASH_579.avi,RWF-2000,RTCFGASH_579,train,violence
..\data\raw\rwf2000\train\Train_Fight\RTDSFDSA_673.avi,RWF-2000,RTDSFDSA_673,train,violence
..\data\raw\rwf2000\train\Train_Fight\RTDSFDSA_674.avi,RWF-2000,RTDSFDSA_674,train,violence
..\data\raw\rwf2000\train\Train_Fight\RTDSFDSA_675.avi,RWF-2000,RTDSFDSA_675,train,violence
..\data\raw\rwf2000\train\Train_Fight\RTDSFDSA_676.avi,RWF-2000,RTDSFDSA_676,train,violence
..\data\raw\rwf2000\train\Train_Fight\RTDSFDSA_677.avi,RWF-2000,RTDSFDSA_677,train,violence
..\data\raw\rwf2000\train\Train_Fight\RYFG_774.avi,RWF-2000,RYFG_774,train,violence
..\data\raw\rwf2000\train\Train_Fight\RYFG_775.avi,RWF-2000,RYFG_775,train,violence
..\data\raw\rwf2000\train\Train_Fight\RYFG_776.avi,RWF-2000,RYFG_776,train,violence
..\data\raw\rwf2000\train\Train_Fight\RYFG_777.avi,RWF-2000,RYFG_777,train,violence
..\data\raw\rwf2000\train\Train_Fight\RYFG_778.avi,RWF-2000,RYFG_778,train,violence
..\data\raw\rwf2000\train\Train_Fight\RYFG_779.avi,RWF-2000,RYFG_779,train,violence
..\data\raw\rwf2000\train\Train_Fight\RYFG_781.avi,RWF-2000,RYFG_781,train,violence
..\data\raw\rwf2000\train\Train_Fight\s-jW4cyavW0_0.avi,RWF-2000,s-jW4cyavW0_0,train,violence
..\data\raw\rwf2000\train\Train_Fight\s-jW4cyavW0_1.avi,RWF-2000,s-jW4cyavW0_1,train,violence
..\data\raw\rwf2000\train\Train_Fight\s-jW4cyavW0_2.avi,RWF-2000,s-jW4cyavW0_2,train,violence
..\data\raw\rwf2000\train\Train_Fight\s3gaPKuW_0.avi,RWF-2000,s3gaPKuW_0,train,violence
..\data\raw\rwf2000\train\Train_Fight\s3gaPKuW_1.avi,RWF-2000,s3gaPKuW_1,train,violence
..\data\raw\rwf2000\train\Train_Fight\sadffg_950.avi,RWF-2000,sadffg_950,train,violence
..\data\raw\rwf2000\train\Train_Fight\sadsa_956.avi,RWF-2000,sadsa_956,train,violence
..\data\raw\rwf2000\train\Train_Fight\sadsa_957.avi,RWF-2000,sadsa_957,train,violence
..\data\raw\rwf2000\train\Train_Fight\sadsa_958.avi,RWF-2000,sadsa_958,train,violence
..\data\raw\rwf2000\train\Train_Fight\sadsa_959.avi,RWF-2000,sadsa_959,train,violence
..\data\raw\rwf2000\train\Train_Fight\sadsa_960.avi,RWF-2000,sadsa_960,train,violence
..\data\raw\rwf2000\train\Train_Fight\sadsa_961.avi,RWF-2000,sadsa_961,train,violence
..\data\raw\rwf2000\train\Train_Fight\SCnBiAteLVI_0.avi,RWF-2000,SCnBiAteLVI_0,train,violence
..\data\raw\rwf2000\train\Train_Fight\SCnBiAteLVI_1.avi,RWF-2000,SCnBiAteLVI_1,train,violence
..\data\raw\rwf2000\train\Train_Fight\SGntTioECg4_997.avi,RWF-2000,SGntTioECg4_997,train,violence
..\data\raw\rwf2000\train\Train_Fight\SGntTioECg4_999.avi,RWF-2000,SGntTioECg4_999,train,violence
..\data\raw\rwf2000\train\Train_Fight\SjJEt0drQZs_0.avi,RWF-2000,SjJEt0drQZs_0,train,violence
..\data\raw\rwf2000\train\Train_Fight\SmBrtaGJ_0.avi,RWF-2000,SmBrtaGJ_0,train,violence
..\data\raw\rwf2000\train\Train_Fight\SmBrtaGJ_1.avi,RWF-2000,SmBrtaGJ_1,train,violence
..\data\raw\rwf2000\train\Train_Fight\SNGRni0hBUM_0.avi,RWF-2000,SNGRni0hBUM_0,train,violence
..\data\raw\rwf2000\train\Train_Fight\Suv_mMs8J9g_0.avi,RWF-2000,Suv_mMs8J9g_0,train,violence
..\data\raw\rwf2000\train\Train_Fight\SXd2yu2LHv0_0.avi,RWF-2000,SXd2yu2LHv0_0,train,violence
..\data\raw\rwf2000\train\Train_Fight\SXd2yu2LHv0_1.avi,RWF-2000,SXd2yu2LHv0_1,train,violence
..\data\raw\rwf2000\train\Train_Fight\SXd2yu2LHv0_2.avi,RWF-2000,SXd2yu2LHv0_2,train,violence
..\data\raw\rwf2000\train\Train_Fight\t2z75yT2S_M_0.avi,RWF-2000,t2z75yT2S_M_0,train,violence
..\data\raw\rwf2000\train\Train_Fight\t2z75yT2S_M_1.avi,RWF-2000,t2z75yT2S_M_1,train,violence
..\data\raw\rwf2000\train\Train_Fight\T56HlypCEyU_0.avi,RWF-2000,T56HlypCEyU_0,train,violence
..\data\raw\rwf2000\train\Train_Fight\T56HlypCEyU_1.avi,RWF-2000,T56HlypCEyU_1,train,violence
..\data\raw\rwf2000\train\Train_Fight\T56HlypCEyU_2.avi,RWF-2000,T56HlypCEyU_2,train,violence
..\data\raw\rwf2000\train\Train_Fight\ThiaJUQ8_1.avi,RWF-2000,ThiaJUQ8_1,train,violence
..\data\raw\rwf2000\train\Train_Fight\ThiaJUQ8_2.avi,RWF-2000,ThiaJUQ8_2,train,violence
..\data\raw\rwf2000\train\Train_Fight\ThiaJUQ8_3.avi,RWF-2000,ThiaJUQ8_3,train,violence
..\data\raw\rwf2000\train\Train_Fight\tILABXoHE7s_0.avi,RWF-2000,tILABXoHE7s_0,train,violence
..\data\raw\rwf2000\train\Train_Fight\tILABXoHE7s_1.avi,RWF-2000,tILABXoHE7s_1,train,violence
..\data\raw\rwf2000\train\Train_Fight\tILABXoHE7s_2.avi,RWF-2000,tILABXoHE7s_2,train,violence
..\data\raw\rwf2000\train\Train_Fight\tILABXoHE7s_3.avi,RWF-2000,tILABXoHE7s_3,train,violence
..\data\raw\rwf2000\train\Train_Fight\tILABXoHE7s_4.avi,RWF-2000,tILABXoHE7s_4,train,violence
..\data\raw\rwf2000\train\Train_Fight\tILABXoHE7s_5.avi,RWF-2000,tILABXoHE7s_5,train,violence
..\data\raw\rwf2000\train\Train_Fight\tIvvuvuJFYc_0.avi,RWF-2000,tIvvuvuJFYc_0,train,violence
..\data\raw\rwf2000\train\Train_Fight\tIvvuvuJFYc_1.avi,RWF-2000,tIvvuvuJFYc_1,train,violence
..\data\raw\rwf2000\train\Train_Fight\tIvvuvuJFYc_2.avi,RWF-2000,tIvvuvuJFYc_2,train,violence
..\data\raw\rwf2000\train\Train_Fight\TJfoIe801t8_0.avi,RWF-2000,TJfoIe801t8_0,train,violence
..\data\raw\rwf2000\train\Train_Fight\TKBcD3J9Cc8_0.avi,RWF-2000,TKBcD3J9Cc8_0,train,violence
..\data\raw\rwf2000\train\Train_Fight\TKBcD3J9Cc8_1.avi,RWF-2000,TKBcD3J9Cc8_1,train,violence
..\data\raw\rwf2000\train\Train_Fight\TKBcD3J9Cc8_2.avi,RWF-2000,TKBcD3J9Cc8_2,train,violence
..\data\raw\rwf2000\train\Train_Fight\trhfd_1015.avi,RWF-2000,trhfd_1015,train,violence
..\data\raw\rwf2000\train\Train_Fight\trhfd_1016.avi,RWF-2000,trhfd_1016,train,violence
..\data\raw\rwf2000\train\Train_Fight\trhfd_1017.avi,RWF-2000,trhfd_1017,train,violence
..\data\raw\rwf2000\train\Train_Fight\trhfd_1018.avi,RWF-2000,trhfd_1018,train,violence
..\data\raw\rwf2000\train\Train_Fight\trhfd_1019.avi,RWF-2000,trhfd_1019,train,violence
..\data\raw\rwf2000\train\Train_Fight\truutrdf_1081.avi,RWF-2000,truutrdf_1081,train,violence
..\data\raw\rwf2000\train\Train_Fight\truutrdf_1082.avi,RWF-2000,truutrdf_1082,train,violence
..\data\raw\rwf2000\train\Train_Fight\truutrdf_1083.avi,RWF-2000,truutrdf_1083,train,violence
..\data\raw\rwf2000\train\Train_Fight\truutrdf_1084.avi,RWF-2000,truutrdf_1084,train,violence
..\data\raw\rwf2000\train\Train_Fight\truutrdf_1085.avi,RWF-2000,truutrdf_1085,train,violence
..\data\raw\rwf2000\train\Train_Fight\truutrdf_1086.avi,RWF-2000,truutrdf_1086,train,violence
..\data\raw\rwf2000\train\Train_Fight\truutrdf_1087.avi,RWF-2000,truutrdf_1087,train,violence
..\data\raw\rwf2000\train\Train_Fight\tuQyUHkOpdk_0.avi,RWF-2000,tuQyUHkOpdk_0,train,violence
..\data\raw\rwf2000\train\Train_Fight\TuWan04E3gQ_0.avi,RWF-2000,TuWan04E3gQ_0,train,violence
..\data\raw\rwf2000\train\Train_Fight\TuWan04E3gQ_1.avi,RWF-2000,TuWan04E3gQ_1,train,violence
..\data\raw\rwf2000\train\Train_Fight\tUzd4cN2_0.avi,RWF-2000,tUzd4cN2_0,train,violence
..\data\raw\rwf2000\train\Train_Fight\u-29uYuR2cg_0.avi,RWF-2000,u-29uYuR2cg_0,train,violence
..\data\raw\rwf2000\train\Train_Fight\U-rD98WfBYs_0.avi,RWF-2000,U-rD98WfBYs_0,train,violence
..\data\raw\rwf2000\train\Train_Fight\u1r8f71c_0.avi,RWF-2000,u1r8f71c_0,train,violence
..\data\raw\rwf2000\train\Train_Fight\u1r8f71c_1.avi,RWF-2000,u1r8f71c_1,train,violence
..\data\raw\rwf2000\train\Train_Fight\u1r8f71c_2.avi,RWF-2000,u1r8f71c_2,train,violence
..\data\raw\rwf2000\train\Train_Fight\u1r8f71c_3.avi,RWF-2000,u1r8f71c_3,train,violence
..\data\raw\rwf2000\train\Train_Fight\u1r8f71c_4.avi,RWF-2000,u1r8f71c_4,train,violence
..\data\raw\rwf2000\train\Train_Fight\u2Lkzfb0_0.avi,RWF-2000,u2Lkzfb0_0,train,violence
..\data\raw\rwf2000\train\Train_Fight\u2Lkzfb0_1.avi,RWF-2000,u2Lkzfb0_1,train,violence
..\data\raw\rwf2000\train\Train_Fight\u2Lkzfb0_2.avi,RWF-2000,u2Lkzfb0_2,train,violence
..\data\raw\rwf2000\train\Train_Fight\u2Lkzfb0_3.avi,RWF-2000,u2Lkzfb0_3,train,violence
..\data\raw\rwf2000\train\Train_Fight\ug2tQMG8DC0_0.avi,RWF-2000,ug2tQMG8DC0_0,train,violence
..\data\raw\rwf2000\train\Train_Fight\ug2tQMG8DC0_1.avi,RWF-2000,ug2tQMG8DC0_1,train,violence
..\data\raw\rwf2000\train\Train_Fight\ug2tQMG8DC0_2.avi,RWF-2000,ug2tQMG8DC0_2,train,violence
..\data\raw\rwf2000\train\Train_Fight\uGGFPY75IYQ_0.avi,RWF-2000,uGGFPY75IYQ_0,train,violence
..\data\raw\rwf2000\train\Train_Fight\uGGFPY75IYQ_1.avi,RWF-2000,uGGFPY75IYQ_1,train,violence
..\data\raw\rwf2000\train\Train_Fight\uKFI67bUzfg_0.avi,RWF-2000,uKFI67bUzfg_0,train,violence
..\data\raw\rwf2000\train\Train_Fight\uKFI67bUzfg_1.avi,RWF-2000,uKFI67bUzfg_1,train,violence
..\data\raw\rwf2000\train\Train_Fight\uKFI67bUzfg_2.avi,RWF-2000,uKFI67bUzfg_2,train,violence
..\data\raw\rwf2000\train\Train_Fight\umOs1WLBkuo_0.avi,RWF-2000,umOs1WLBkuo_0,train,violence
..\data\raw\rwf2000\train\Train_Fight\umOs1WLBkuo_1.avi,RWF-2000,umOs1WLBkuo_1,train,violence
..\data\raw\rwf2000\train\Train_Fight\umOs1WLBkuo_2.avi,RWF-2000,umOs1WLBkuo_2,train,violence
..\data\raw\rwf2000\train\Train_Fight\UvLAudRA91Y_0.avi,RWF-2000,UvLAudRA91Y_0,train,violence
..\data\raw\rwf2000\train\Train_Fight\UvLAudRA91Y_1.avi,RWF-2000,UvLAudRA91Y_1,train,violence
..\data\raw\rwf2000\train\Train_Fight\uXf4C-YwbtM_1.avi,RWF-2000,uXf4C-YwbtM_1,train,violence
..\data\raw\rwf2000\train\Train_Fight\uXf4C-YwbtM_3.avi,RWF-2000,uXf4C-YwbtM_3,train,violence
..\data\raw\rwf2000\train\Train_Fight\V726w0IKCp4_0.avi,RWF-2000,V726w0IKCp4_0,train,violence
..\data\raw\rwf2000\train\Train_Fight\V726w0IKCp4_1.avi,RWF-2000,V726w0IKCp4_1,train,violence
..\data\raw\rwf2000\train\Train_Fight\V726w0IKCp4_2.avi,RWF-2000,V726w0IKCp4_2,train,violence
..\data\raw\rwf2000\train\Train_Fight\V726w0IKCp4_3.avi,RWF-2000,V726w0IKCp4_3,train,violence
..\data\raw\rwf2000\train\Train_Fight\vBwKQfJYG1Q_0.avi,RWF-2000,vBwKQfJYG1Q_0,train,violence
..\data\raw\rwf2000\train\Train_Fight\vBwKQfJYG1Q_1.avi,RWF-2000,vBwKQfJYG1Q_1,train,violence
..\data\raw\rwf2000\train\Train_Fight\vBwKQfJYG1Q_2.avi,RWF-2000,vBwKQfJYG1Q_2,train,violence
..\data\raw\rwf2000\train\Train_Fight\vBwKQfJYG1Q_3.avi,RWF-2000,vBwKQfJYG1Q_3,train,violence
..\data\raw\rwf2000\train\Train_Fight\vBwKQfJYG1Q_4.avi,RWF-2000,vBwKQfJYG1Q_4,train,violence
..\data\raw\rwf2000\train\Train_Fight\vBwKQfJYG1Q_5.avi,RWF-2000,vBwKQfJYG1Q_5,train,violence
..\data\raw\rwf2000\train\Train_Fight\vBwKQfJYG1Q_6.avi,RWF-2000,vBwKQfJYG1Q_6,train,violence
..\data\raw\rwf2000\train\Train_Fight\VbwTMJroTbI_0.avi,RWF-2000,VbwTMJroTbI_0,train,violence
..\data\raw\rwf2000\train\Train_Fight\Vd27cYFthms_0.avi,RWF-2000,Vd27cYFthms_0,train,violence
..\data\raw\rwf2000\train\Train_Fight\VfDyc4ORBSI_0.avi,RWF-2000,VfDyc4ORBSI_0,train,violence
..\data\raw\rwf2000\train\Train_Fight\VfDyc4ORBSI_1.avi,RWF-2000,VfDyc4ORBSI_1,train,violence
..\data\raw\rwf2000\train\Train_Fight\videoplayback (1)_54.avi,RWF-2000,videoplayback (1)_54,train,violence
..\data\raw\rwf2000\train\Train_Fight\videoplayback (1)_55.avi,RWF-2000,videoplayback (1)_55,train,violence
..\data\raw\rwf2000\train\Train_Fight\videoplayback (2)_66.avi,RWF-2000,videoplayback (2)_66,train,violence
..\data\raw\rwf2000\train\Train_Fight\videoplayback (2)_74.avi,RWF-2000,videoplayback (2)_74,train,violence
..\data\raw\rwf2000\train\Train_Fight\videoplayback_92.avi,RWF-2000,videoplayback_92,train,violence
..\data\raw\rwf2000\train\Train_Fight\videoplayback_93.avi,RWF-2000,videoplayback_93,train,violence
..\data\raw\rwf2000\train\Train_Fight\videoplayback_94.avi,RWF-2000,videoplayback_94,train,violence
..\data\raw\rwf2000\train\Train_Fight\videoplayback_95.avi,RWF-2000,videoplayback_95,train,violence
..\data\raw\rwf2000\train\Train_Fight\vQKHxtrdEHM_0.avi,RWF-2000,vQKHxtrdEHM_0,train,violence
..\data\raw\rwf2000\train\Train_Fight\vQKHxtrdEHM_1.avi,RWF-2000,vQKHxtrdEHM_1,train,violence
..\data\raw\rwf2000\train\Train_Fight\vQKHxtrdEHM_2.avi,RWF-2000,vQKHxtrdEHM_2,train,violence
..\data\raw\rwf2000\train\Train_Fight\vQKHxtrdEHM_3.avi,RWF-2000,vQKHxtrdEHM_3,train,violence
..\data\raw\rwf2000\train\Train_Fight\vQKHxtrdEHM_4.avi,RWF-2000,vQKHxtrdEHM_4,train,violence
..\data\raw\rwf2000\train\Train_Fight\vQKHxtrdEHM_5.avi,RWF-2000,vQKHxtrdEHM_5,train,violence
..\data\raw\rwf2000\train\Train_Fight\vQKHxtrdEHM_6.avi,RWF-2000,vQKHxtrdEHM_6,train,violence
..\data\raw\rwf2000\train\Train_Fight\vQKHxtrdEHM_7.avi,RWF-2000,vQKHxtrdEHM_7,train,violence
..\data\raw\rwf2000\train\Train_Fight\vQKHxtrdEHM_9.avi,RWF-2000,vQKHxtrdEHM_9,train,violence
..\data\raw\rwf2000\train\Train_Fight\VYWWsld6ibI_0.avi,RWF-2000,VYWWsld6ibI_0,train,violence
..\data\raw\rwf2000\train\Train_Fight\w1T3NmEAt00_0.avi,RWF-2000,w1T3NmEAt00_0,train,violence
..\data\raw\rwf2000\train\Train_Fight\Wby1vUy8aYI_0.avi,RWF-2000,Wby1vUy8aYI_0,train,violence
..\data\raw\rwf2000\train\Train_Fight\Wby1vUy8aYI_1.avi,RWF-2000,Wby1vUy8aYI_1,train,violence
..\data\raw\rwf2000\train\Train_Fight\Wby1vUy8aYI_2.avi,RWF-2000,Wby1vUy8aYI_2,train,violence
..\data\raw\rwf2000\train\Train_Fight\wetrew_1195.avi,RWF-2000,wetrew_1195,train,violence
..\data\raw\rwf2000\train\Train_Fight\wetyh_1204.avi,RWF-2000,wetyh_1204,train,violence
..\data\raw\rwf2000\train\Train_Fight\wetyh_1205.avi,RWF-2000,wetyh_1205,train,violence
..\data\raw\rwf2000\train\Train_Fight\wetyh_1206.avi,RWF-2000,wetyh_1206,train,violence
..\data\raw\rwf2000\train\Train_Fight\wetyh_1207.avi,RWF-2000,wetyh_1207,train,violence
..\data\raw\rwf2000\train\Train_Fight\wetyh_1208.avi,RWF-2000,wetyh_1208,train,violence
..\data\raw\rwf2000\train\Train_Fight\wetyh_1223.avi,RWF-2000,wetyh_1223,train,violence
..\data\raw\rwf2000\train\Train_Fight\wetyh_1224.avi,RWF-2000,wetyh_1224,train,violence
..\data\raw\rwf2000\train\Train_Fight\wxdRVAZk_0.avi,RWF-2000,wxdRVAZk_0,train,violence
..\data\raw\rwf2000\train\Train_Fight\wxdRVAZk_1.avi,RWF-2000,wxdRVAZk_1,train,violence
..\data\raw\rwf2000\train\Train_Fight\X6V5o-uCYF4_0.avi,RWF-2000,X6V5o-uCYF4_0,train,violence
..\data\raw\rwf2000\train\Train_Fight\X6V5o-uCYF4_1.avi,RWF-2000,X6V5o-uCYF4_1,train,violence
..\data\raw\rwf2000\train\Train_Fight\X6V5o-uCYF4_2.avi,RWF-2000,X6V5o-uCYF4_2,train,violence
..\data\raw\rwf2000\train\Train_Fight\X6V5o-uCYF4_3.avi,RWF-2000,X6V5o-uCYF4_3,train,violence
..\data\raw\rwf2000\train\Train_Fight\X6V5o-uCYF4_4.avi,RWF-2000,X6V5o-uCYF4_4,train,violence
..\data\raw\rwf2000\train\Train_Fight\Xh6FNqKDMak_0.avi,RWF-2000,Xh6FNqKDMak_0,train,violence
..\data\raw\rwf2000\train\Train_Fight\xKq3hlefCUI_0.avi,RWF-2000,xKq3hlefCUI_0,train,violence
..\data\raw\rwf2000\train\Train_Fight\xKq3hlefCUI_1.avi,RWF-2000,xKq3hlefCUI_1,train,violence
..\data\raw\rwf2000\train\Train_Fight\XRC_6WgxusI_0.avi,RWF-2000,XRC_6WgxusI_0,train,violence
..\data\raw\rwf2000\train\Train_Fight\xrlCdUaagHY_0.avi,RWF-2000,xrlCdUaagHY_0,train,violence
..\data\raw\rwf2000\train\Train_Fight\YaWxiAtCwxE_0.avi,RWF-2000,YaWxiAtCwxE_0,train,violence
..\data\raw\rwf2000\train\Train_Fight\YaWxiAtCwxE_1.avi,RWF-2000,YaWxiAtCwxE_1,train,violence
..\data\raw\rwf2000\train\Train_Fight\YaWxiAtCwxE_2.avi,RWF-2000,YaWxiAtCwxE_2,train,violence
..\data\raw\rwf2000\train\Train_Fight\YaWxiAtCwxE_3.avi,RWF-2000,YaWxiAtCwxE_3,train,violence
..\data\raw\rwf2000\train\Train_Fight\YaWxiAtCwxE_4.avi,RWF-2000,YaWxiAtCwxE_4,train,violence
..\data\raw\rwf2000\train\Train_Fight\YaWxiAtCwxE_5.avi,RWF-2000,YaWxiAtCwxE_5,train,violence
..\data\raw\rwf2000\train\Train_Fight\YaWxiAtCwxE_6.avi,RWF-2000,YaWxiAtCwxE_6,train,violence
..\data\raw\rwf2000\train\Train_Fight\YaWxiAtCwxE_7.avi,RWF-2000,YaWxiAtCwxE_7,train,violence
..\data\raw\rwf2000\train\Train_Fight\YaWxiAtCwxE_8.avi,RWF-2000,YaWxiAtCwxE_8,train,violence
..\data\raw\rwf2000\train\Train_Fight\YL-qwpTMjzk_0.avi,RWF-2000,YL-qwpTMjzk_0,train,violence
..\data\raw\rwf2000\train\Train_Fight\YL-qwpTMjzk_1.avi,RWF-2000,YL-qwpTMjzk_1,train,violence
..\data\raw\rwf2000\train\Train_Fight\YL-qwpTMjzk_2.avi,RWF-2000,YL-qwpTMjzk_2,train,violence
..\data\raw\rwf2000\train\Train_Fight\YL-qwpTMjzk_4.avi,RWF-2000,YL-qwpTMjzk_4,train,violence
..\data\raw\rwf2000\train\Train_Fight\YUOfgfuh_1.avi,RWF-2000,YUOfgfuh_1,train,violence
..\data\raw\rwf2000\train\Train_Fight\z19nkHMw_0.avi,RWF-2000,z19nkHMw_0,train,violence
..\data\raw\rwf2000\train\Train_Fight\z19nkHMw_1.avi,RWF-2000,z19nkHMw_1,train,violence
..\data\raw\rwf2000\train\Train_Fight\z1WyVUv8_0.avi,RWF-2000,z1WyVUv8_0,train,violence
..\data\raw\rwf2000\train\Train_Fight\z1WyVUv8_1.avi,RWF-2000,z1WyVUv8_1,train,violence
..\data\raw\rwf2000\train\Train_Fight\z1WyVUv8_2.avi,RWF-2000,z1WyVUv8_2,train,violence
..\data\raw\rwf2000\train\Train_Fight\z7dOEJwUpVk_0.avi,RWF-2000,z7dOEJwUpVk_0,train,violence
..\data\raw\rwf2000\train\Train_Fight\ZnRk8nWJ548_0.avi,RWF-2000,ZnRk8nWJ548_0,train,violence
..\data\raw\rwf2000\train\Train_Fight\zuCTuKvj_0.avi,RWF-2000,zuCTuKvj_0,train,violence
..\data\raw\rwf2000\train\Train_Fight\zuCTuKvj_1.avi,RWF-2000,zuCTuKvj_1,train,violence
..\data\raw\rwf2000\train\Train_Fight\zuCTuKvj_2.avi,RWF-2000,zuCTuKvj_2,train,violence
..\data\raw\rwf2000\train\Train_Fight\zuCTuKvj_3.avi,RWF-2000,zuCTuKvj_3,train,violence
..\data\raw\rwf2000\train\Train_Fight\zuCTuKvj_5.avi,RWF-2000,zuCTuKvj_5,train,violence
..\data\raw\rwf2000\train\Train_Fight\ZVPU5c95_0.avi,RWF-2000,ZVPU5c95_0,train,violence
..\data\raw\rwf2000\train\Train_Fight\ZVPU5c95_1.avi,RWF-2000,ZVPU5c95_1,train,violence
..\data\raw\rwf2000\train\Train_Fight\_2RYnSFPD_U_0.avi,RWF-2000,_2RYnSFPD_U_0,train,violence
..\data\raw\rwf2000\train\Train_Fight\_6-B11R9FJM_0.avi,RWF-2000,_6-B11R9FJM_0,train,violence
..\data\raw\rwf2000\train\Train_Fight\_6-B11R9FJM_1.avi,RWF-2000,_6-B11R9FJM_1,train,violence
..\data\raw\rwf2000\train\Train_Fight\_6-B11R9FJM_2.avi,RWF-2000,_6-B11R9FJM_2,train,violence
..\data\raw\rwf2000\train\Train_Fight\_6-B11R9FJM_3.avi,RWF-2000,_6-B11R9FJM_3,train,violence
..\data\raw\rwf2000\train\Train_Fight\_6-B11R9FJM_4.avi,RWF-2000,_6-B11R9FJM_4,train,violence
..\data\raw\rwf2000\train\Train_Fight\_q5Nwh4Z6ao_0.avi,RWF-2000,_q5Nwh4Z6ao_0,train,violence
..\data\raw\rwf2000\train\Train_Fight\_q5Nwh4Z6ao_1.avi,RWF-2000,_q5Nwh4Z6ao_1,train,violence
..\data\raw\rwf2000\train\Train_Fight\_q5Nwh4Z6ao_10.avi,RWF-2000,_q5Nwh4Z6ao_10,train,violence
..\data\raw\rwf2000\train\Train_Fight\_q5Nwh4Z6ao_11.avi,RWF-2000,_q5Nwh4Z6ao_11,train,violence
..\data\raw\rwf2000\train\Train_Fight\_q5Nwh4Z6ao_13.avi,RWF-2000,_q5Nwh4Z6ao_13,train,violence
..\data\raw\rwf2000\train\Train_Fight\_q5Nwh4Z6ao_14.avi,RWF-2000,_q5Nwh4Z6ao_14,train,violence
..\data\raw\rwf2000\train\Train_Fight\_q5Nwh4Z6ao_2.avi,RWF-2000,_q5Nwh4Z6ao_2,train,violence
..\data\raw\rwf2000\train\Train_Fight\_q5Nwh4Z6ao_3.avi,RWF-2000,_q5Nwh4Z6ao_3,train,violence
..\data\raw\rwf2000\train\Train_Fight\_q5Nwh4Z6ao_4.avi,RWF-2000,_q5Nwh4Z6ao_4,train,violence
..\data\raw\rwf2000\train\Train_Fight\_q5Nwh4Z6ao_5.avi,RWF-2000,_q5Nwh4Z6ao_5,train,violence
..\data\raw\rwf2000\train\Train_Fight\_q5Nwh4Z6ao_6.avi,RWF-2000,_q5Nwh4Z6ao_6,train,violence
..\data\raw\rwf2000\train\Train_Fight\_q5Nwh4Z6ao_7.avi,RWF-2000,_q5Nwh4Z6ao_7,train,violence
..\data\raw\rwf2000\train\Train_Fight\_q5Nwh4Z6ao_8.avi,RWF-2000,_q5Nwh4Z6ao_8,train,violence
..\data\raw\rwf2000\train\Train_Fight\_q5Nwh4Z6ao_9.avi,RWF-2000,_q5Nwh4Z6ao_9,train,violence
..\data\raw\rwf2000\train\Train_Fight\_RziL1Ds6xU_0.avi,RWF-2000,_RziL1Ds6xU_0,train,violence
..\data\raw\rwf2000\train\Train_Fight\_RziL1Ds6xU_1.avi,RWF-2000,_RziL1Ds6xU_1,train,violence
..\data\raw\rwf2000\train\Train_Fight\_TwPzPRK7dc_0.avi,RWF-2000,_TwPzPRK7dc_0,train,violence
..\data\raw\rwf2000\train\Train_Fight\╤àΓòúΓöÉ╤äΓòò╨¼╤ç╨¼╨æ╤åΓûÆ╨Ñ╤à╨┤Γöñ╤àΓòò╨Æ╤åΓò£╨╛╤ë╨¿Γöé╤à╨£Γòæ╤ë╨ú╨¼╤ç╨½╨Æ╤ë╨Ñ╨ù╤åΓûôΓöé╤ë╨⌐╨ù╤å╨¡╨í╤å╨¬Γöñ╤à╨Ü╨½╤äΓòæ╨¢╤äΓòùΓòó╤ç╨½╨í╤å╨₧╨╖╤ê╨╖╨û╤ë╨▓╨í2_urlgot_138.avi,RWF-2000,╤àΓòúΓöÉ╤äΓòò╨¼╤ç╨¼╨æ╤åΓûÆ╨Ñ╤à╨┤Γöñ╤àΓòò╨Æ╤åΓò£╨╛╤ë╨¿Γöé╤à╨£Γòæ╤ë╨ú╨¼╤ç╨½╨Æ╤ë╨Ñ╨ù╤åΓûôΓöé╤ë╨⌐╨ù╤å╨¡╨í╤å╨¬Γöñ╤à╨Ü╨½╤äΓòæ╨¢╤äΓòùΓòó╤ç╨½╨í╤å╨₧╨╖╤ê╨╖╨û╤ë╨▓╨í2_urlgot_138,train,violence
..\data\raw\rwf2000\train\Train_Fight\╤àΓòúΓöÉ╤äΓòò╨¼╤ç╨¼╨æ╤åΓûÆ╨Ñ╤à╨┤Γöñ╤àΓòò╨Æ╤åΓò£╨╛╤ë╨¿Γöé╤à╨£Γòæ╤ë╨ú╨¼╤ç╨½╨Æ╤ë╨Ñ╨ù╤åΓûôΓöé╤ë╨⌐╨ù╤å╨¡╨í╤å╨¬Γöñ╤à╨Ü╨½╤äΓòæ╨¢╤äΓòùΓòó╤ç╨½╨í╤å╨₧╨╖╤ê╨╖╨û╤ë╨▓╨í2_urlgot_139.avi,RWF-2000,╤àΓòúΓöÉ╤äΓòò╨¼╤ç╨¼╨æ╤åΓûÆ╨Ñ╤à╨┤Γöñ╤àΓòò╨Æ╤åΓò£╨╛╤ë╨¿Γöé╤à╨£Γòæ╤ë╨ú╨¼╤ç╨½╨Æ╤ë╨Ñ╨ù╤åΓûôΓöé╤ë╨⌐╨ù╤å╨¡╨í╤å╨¬Γöñ╤à╨Ü╨½╤äΓòæ╨¢╤äΓòùΓòó╤ç╨½╨í╤å╨₧╨╖╤ê╨╖╨û╤ë╨▓╨í2_urlgot_139,train,violence
..\data\raw\rwf2000\train\Train_Fight\╤àΓòúΓöÉ╤äΓòò╨¼╤ç╨¼╨æ╤åΓûÆ╨Ñ╤à╨┤Γöñ╤àΓòò╨Æ╤åΓò£╨╛╤ë╨¿Γöé╤à╨£Γòæ╤ë╨ú╨¼╤ç╨½╨Æ╤ë╨Ñ╨ù╤åΓûôΓöé╤ë╨⌐╨ù╤å╨¡╨í╤å╨¬Γöñ╤à╨Ü╨½╤äΓòæ╨¢╤äΓòùΓòó╤ç╨½╨í╤å╨₧╨╖╤ê╨╖╨û╤ë╨▓╨í2_urlgot_140.avi,RWF-2000,╤àΓòúΓöÉ╤äΓòò╨¼╤ç╨¼╨æ╤åΓûÆ╨Ñ╤à╨┤Γöñ╤àΓòò╨Æ╤åΓò£╨╛╤ë╨¿Γöé╤à╨£Γòæ╤ë╨ú╨¼╤ç╨½╨Æ╤ë╨Ñ╨ù╤åΓûôΓöé╤ë╨⌐╨ù╤å╨¡╨í╤å╨¬Γöñ╤à╨Ü╨½╤äΓòæ╨¢╤äΓòùΓòó╤ç╨½╨í╤å╨₧╨╖╤ê╨╖╨û╤ë╨▓╨í2_urlgot_140,train,violence
..\data\raw\rwf2000\train\Train_Fight\╤àΓòúΓöÉ╤äΓòò╨¼╤ç╨¼╨æ╤åΓûÆ╨Ñ╤à╨┤Γöñ╤àΓòò╨Æ╤åΓò£╨╛╤ë╨¿Γöé╤à╨£Γòæ╤ë╨ú╨¼╤ç╨½╨Æ╤ë╨Ñ╨ù╤åΓûôΓöé╤ë╨⌐╨ù╤å╨¡╨í╤å╨¬Γöñ╤à╨Ü╨½╤äΓòæ╨¢╤äΓòùΓòó╤ç╨½╨í╤å╨₧╨╖╤ê╨╖╨û╤ë╨▓╨í2_urlgot_141.avi,RWF-2000,╤àΓòúΓöÉ╤äΓòò╨¼╤ç╨¼╨æ╤åΓûÆ╨Ñ╤à╨┤Γöñ╤àΓòò╨Æ╤åΓò£╨╛╤ë╨¿Γöé╤à╨£Γòæ╤ë╨ú╨¼╤ç╨½╨Æ╤ë╨Ñ╨ù╤åΓûôΓöé╤ë╨⌐╨ù╤å╨¡╨í╤å╨¬Γöñ╤à╨Ü╨½╤äΓòæ╨¢╤äΓòùΓòó╤ç╨½╨í╤å╨₧╨╖╤ê╨╖╨û╤ë╨▓╨í2_urlgot_141,train,violence
..\data\raw\rwf2000\train\Train_Fight\╤à╨á╨£╤ê╨▒╨£╤ê╨É╨æ╤å╨¡ΓöÉ╤à╨ƒ╨╗╤å╨¡╨╡╤àΓòò╨╛╤åΓöñΓò¢╤å╨Ö╨ú╤å╨«Γòó╤ÅΓò¥╨£╤äΓòò╨¢╤äΓòò╨É╤ç╨╖╨ó╤å╨¼╨Ö╤äΓòæΓòæ╤ê╨╖╨æ╤å╨╜Γòù╤ç╨╡╨«╤äΓòæ╨û╤ÅΓò¥╨£╤ç╨½╨í╤å╨₧╨╖╤å╨¢╨¥╤äΓòò╨¢╤å╨ô╨╕╤ç╨ô╨ÿ╤ç╨ñΓòù╤ë╨¡╨▓╤ÅΓò¥╨æ_urlgot_222.avi,RWF-2000,╤à╨á╨£╤ê╨▒╨£╤ê╨É╨æ╤å╨¡ΓöÉ╤à╨ƒ╨╗╤å╨¡╨╡╤àΓòò╨╛╤åΓöñΓò¢╤å╨Ö╨ú╤å╨«Γòó╤ÅΓò¥╨£╤äΓòò╨¢╤äΓòò╨É╤ç╨╖╨ó╤å╨¼╨Ö╤äΓòæΓòæ╤ê╨╖╨æ╤å╨╜Γòù╤ç╨╡╨«╤äΓòæ╨û╤ÅΓò¥╨£╤ç╨½╨í╤å╨₧╨╖╤å╨¢╨¥╤äΓòò╨¢╤å╨ô╨╕╤ç╨ô╨ÿ╤ç╨ñΓòù╤ë╨¡╨▓╤ÅΓò¥╨æ_urlgot_222,train,violence
..\data\raw\rwf2000\train\Train_Fight\╤à╨á╨£╤ê╨▒╨£╤ê╨É╨æ╤å╨¡ΓöÉ╤à╨ƒ╨╗╤å╨¡╨╡╤àΓòò╨╛╤åΓöñΓò¢╤å╨Ö╨ú╤å╨«Γòó╤ÅΓò¥╨£╤äΓòò╨¢╤äΓòò╨É╤ç╨╖╨ó╤å╨¼╨Ö╤äΓòæΓòæ╤ê╨╖╨æ╤å╨╜Γòù╤ç╨╡╨«╤äΓòæ╨û╤ÅΓò¥╨£╤ç╨½╨í╤å╨₧╨╖╤å╨¢╨¥╤äΓòò╨¢╤å╨ô╨╕╤ç╨ô╨ÿ╤ç╨ñΓòù╤ë╨¡╨▓╤ÅΓò¥╨æ_urlgot_223.avi,RWF-2000,╤à╨á╨£╤ê╨▒╨£╤ê╨É╨æ╤å╨¡ΓöÉ╤à╨ƒ╨╗╤å╨¡╨╡╤àΓòò╨╛╤åΓöñΓò¢╤å╨Ö╨ú╤å╨«Γòó╤ÅΓò¥╨£╤äΓòò╨¢╤äΓòò╨É╤ç╨╖╨ó╤å╨¼╨Ö╤äΓòæΓòæ╤ê╨╖╨æ╤å╨╜Γòù╤ç╨╡╨«╤äΓòæ╨û╤ÅΓò¥╨£╤ç╨½╨í╤å╨₧╨╖╤å╨¢╨¥╤äΓòò╨¢╤å╨ô╨╕╤ç╨ô╨ÿ╤ç╨ñΓòù╤ë╨¡╨▓╤ÅΓò¥╨æ_urlgot_223,train,violence
..\data\raw\rwf2000\train\Train_Fight\╤à╨á╨£╤ê╨▒╨£╤ê╨É╨æ╤å╨¡ΓöÉ╤à╨ƒ╨╗╤å╨¡╨╡╤àΓòò╨╛╤åΓöñΓò¢╤å╨Ö╨ú╤å╨«Γòó╤ÅΓò¥╨£╤äΓòò╨¢╤äΓòò╨É╤ç╨╖╨ó╤å╨¼╨Ö╤äΓòæΓòæ╤ê╨╖╨æ╤å╨╜Γòù╤ç╨╡╨«╤äΓòæ╨û╤ÅΓò¥╨£╤ç╨½╨í╤å╨₧╨╖╤å╨¢╨¥╤äΓòò╨¢╤å╨ô╨╕╤ç╨ô╨ÿ╤ç╨ñΓòù╤ë╨¡╨▓╤ÅΓò¥╨æ_urlgot_224.avi,RWF-2000,╤à╨á╨£╤ê╨▒╨£╤ê╨É╨æ╤å╨¡ΓöÉ╤à╨ƒ╨╗╤å╨¡╨╡╤àΓòò╨╛╤åΓöñΓò¢╤å╨Ö╨ú╤å╨«Γòó╤ÅΓò¥╨£╤äΓòò╨¢╤äΓòò╨É╤ç╨╖╨ó╤å╨¼╨Ö╤äΓòæΓòæ╤ê╨╖╨æ╤å╨╜Γòù╤ç╨╡╨«╤äΓòæ╨û╤ÅΓò¥╨£╤ç╨½╨í╤å╨₧╨╖╤å╨¢╨¥╤äΓòò╨¢╤å╨ô╨╕╤ç╨ô╨ÿ╤ç╨ñΓòù╤ë╨¡╨▓╤ÅΓò¥╨æ_urlgot_224,train,violence
..\data\raw\rwf2000\train\Train_Fight\╤à╨á╨₧╤à╨₧╨╕╤ë╨ù╨£╤ë╨¡╨▓╤äΓòò╨É╤ê╨╕╨É╤äΓòò╨¥╤à╨á╨ÿ╤àΓûæΓûÆ╤àΓò¥╨É╤å╨Ö╨ú╤ÅΓò¥╨£╤å╨¢╨Ö╤å╨«Γòó╤à╨ƒ╨¿╤å╨Ö╨ú╤å╨«Γòó╤ÅΓò¥╨£╤ç╨₧Γûæ╤à╨¼Γòæ╤äΓòò╨É╤ç╨Ö╨ù╤åΓòûΓòû╤äΓòúΓûÆ╤ÅΓò¥╨£╤ç╨½╨í╤å╨₧╨╖╤å╨¢╨¥╤äΓòò╨¢╤à╨ò╨╕╤ç╨╕╨¢_urlgot_233.avi,RWF-2000,╤à╨á╨₧╤à╨₧╨╕╤ë╨ù╨£╤ë╨¡╨▓╤äΓòò╨É╤ê╨╕╨É╤äΓòò╨¥╤à╨á╨ÿ╤àΓûæΓûÆ╤àΓò¥╨É╤å╨Ö╨ú╤ÅΓò¥╨£╤å╨¢╨Ö╤å╨«Γòó╤à╨ƒ╨¿╤å╨Ö╨ú╤å╨«Γòó╤ÅΓò¥╨£╤ç╨₧Γûæ╤à╨¼Γòæ╤äΓòò╨É╤ç╨Ö╨ù╤åΓòûΓòû╤äΓòúΓûÆ╤ÅΓò¥╨£╤ç╨½╨í╤å╨₧╨╖╤å╨¢╨¥╤äΓòò╨¢╤à╨ò╨╕╤ç╨╕╨¢_urlgot_233,train,violence
..\data\raw\rwf2000\train\Train_Fight\╤à╨á╨₧╤à╨₧╨╕╤ë╨ù╨£╤ë╨¡╨▓╤äΓòò╨É╤ê╨╕╨É╤äΓòò╨¥╤à╨á╨ÿ╤àΓûæΓûÆ╤àΓò¥╨É╤å╨Ö╨ú╤ÅΓò¥╨£╤å╨¢╨Ö╤å╨«Γòó╤à╨ƒ╨¿╤å╨Ö╨ú╤å╨«Γòó╤ÅΓò¥╨£╤ç╨₧Γûæ╤à╨¼Γòæ╤äΓòò╨É╤ç╨Ö╨ù╤åΓòûΓòû╤äΓòúΓûÆ╤ÅΓò¥╨£╤ç╨½╨í╤å╨₧╨╖╤å╨¢╨¥╤äΓòò╨¢╤à╨ò╨╕╤ç╨╕╨¢_urlgot_235.avi,RWF-2000,╤à╨á╨₧╤à╨₧╨╕╤ë╨ù╨£╤ë╨¡╨▓╤äΓòò╨É╤ê╨╕╨É╤äΓòò╨¥╤à╨á╨ÿ╤àΓûæΓûÆ╤àΓò¥╨É╤å╨Ö╨ú╤ÅΓò¥╨£╤å╨¢╨Ö╤å╨«Γòó╤à╨ƒ╨¿╤å╨Ö╨ú╤å╨«Γòó╤ÅΓò¥╨£╤ç╨₧Γûæ╤à╨¼Γòæ╤äΓòò╨É╤ç╨Ö╨ù╤åΓòûΓòû╤äΓòúΓûÆ╤ÅΓò¥╨£╤ç╨½╨í╤å╨₧╨╖╤å╨¢╨¥╤äΓòò╨¢╤à╨ò╨╕╤ç╨╕╨¢_urlgot_235,train,violence
..\data\raw\rwf2000\train\Train_Fight\╤à╨á╨₧╤à╨₧╨╕╤ë╨ù╨£╤ë╨¡╨▓╤äΓòò╨É╤ê╨╕╨É╤äΓòò╨¥╤à╨á╨ÿ╤àΓûæΓûÆ╤àΓò¥╨É╤å╨Ö╨ú╤ÅΓò¥╨£╤å╨¢╨Ö╤å╨«Γòó╤à╨ƒ╨¿╤å╨Ö╨ú╤å╨«Γòó╤ÅΓò¥╨£╤ç╨₧Γûæ╤à╨¼Γòæ╤äΓòò╨É╤ç╨Ö╨ù╤åΓòûΓòû╤äΓòúΓûÆ╤ÅΓò¥╨£╤ç╨½╨í╤å╨₧╨╖╤å╨¢╨¥╤äΓòò╨¢╤à╨ò╨╕╤ç╨╕╨¢_urlgot_236.avi,RWF-2000,╤à╨á╨₧╤à╨₧╨╕╤ë╨ù╨£╤ë╨¡╨▓╤äΓòò╨É╤ê╨╕╨É╤äΓòò╨¥╤à╨á╨ÿ╤àΓûæΓûÆ╤àΓò¥╨É╤å╨Ö╨ú╤ÅΓò¥╨£╤å╨¢╨Ö╤å╨«Γòó╤à╨ƒ╨¿╤å╨Ö╨ú╤å╨«Γòó╤ÅΓò¥╨£╤ç╨₧Γûæ╤à╨¼Γòæ╤äΓòò╨É╤ç╨Ö╨ù╤åΓòûΓòû╤äΓòúΓûÆ╤ÅΓò¥╨£╤ç╨½╨í╤å╨₧╨╖╤å╨¢╨¥╤äΓòò╨¢╤à╨ò╨╕╤ç╨╕╨¢_urlgot_236,train,violence
..\data\raw\rwf2000\train\Train_Fight\╤à╨á╨₧╤à╨₧╨╕╤ë╨ù╨£╤ë╨¡╨▓╤äΓòò╨É╤ê╨╕╨É╤äΓòò╨¥╤à╨á╨ÿ╤àΓûæΓûÆ╤àΓò¥╨É╤å╨Ö╨ú╤ÅΓò¥╨£╤å╨¢╨Ö╤å╨«Γòó╤à╨ƒ╨¿╤å╨Ö╨ú╤å╨«Γòó╤ÅΓò¥╨£╤ç╨₧Γûæ╤à╨¼Γòæ╤äΓòò╨É╤ç╨Ö╨ù╤åΓòûΓòû╤äΓòúΓûÆ╤ÅΓò¥╨£╤ç╨½╨í╤å╨₧╨╖╤å╨¢╨¥╤äΓòò╨¢╤à╨ò╨╕╤ç╨╕╨¢_urlgot_237.avi,RWF-2000,╤à╨á╨₧╤à╨₧╨╕╤ë╨ù╨£╤ë╨¡╨▓╤äΓòò╨É╤ê╨╕╨É╤äΓòò╨¥╤à╨á╨ÿ╤àΓûæΓûÆ╤àΓò¥╨É╤å╨Ö╨ú╤ÅΓò¥╨£╤å╨¢╨Ö╤å╨«Γòó╤à╨ƒ╨¿╤å╨Ö╨ú╤å╨«Γòó╤ÅΓò¥╨£╤ç╨₧Γûæ╤à╨¼Γòæ╤äΓòò╨É╤ç╨Ö╨ù╤åΓòûΓòû╤äΓòúΓûÆ╤ÅΓò¥╨£╤ç╨½╨í╤å╨₧╨╖╤å╨¢╨¥╤äΓòò╨¢╤à╨ò╨╕╤ç╨╕╨¢_urlgot_237,train,violence
..\data\raw\rwf2000\train\Train_Fight\╤à╨á╨₧╤à╨₧╨╕╤ë╨ù╨£╤ë╨¡╨▓╤äΓòò╨É╤ê╨╕╨É╤äΓòò╨¥╤à╨á╨ÿ╤àΓûæΓûÆ╤àΓò¥╨É╤å╨Ö╨ú╤ÅΓò¥╨£╤å╨¢╨Ö╤å╨«Γòó╤à╨ƒ╨¿╤å╨Ö╨ú╤å╨«Γòó╤ÅΓò¥╨£╤ç╨₧Γûæ╤à╨¼Γòæ╤äΓòò╨É╤ç╨Ö╨ù╤åΓòûΓòû╤äΓòúΓûÆ╤ÅΓò¥╨£╤ç╨½╨í╤å╨₧╨╖╤å╨¢╨¥╤äΓòò╨¢╤à╨ò╨╕╤ç╨╕╨¢_urlgot_238.avi,RWF-2000,╤à╨á╨₧╤à╨₧╨╕╤ë╨ù╨£╤ë╨¡╨▓╤äΓòò╨É╤ê╨╕╨É╤äΓòò╨¥╤à╨á╨ÿ╤àΓûæΓûÆ╤àΓò¥╨É╤å╨Ö╨ú╤ÅΓò¥╨£╤å╨¢╨Ö╤å╨«Γòó╤à╨ƒ╨¿╤å╨Ö╨ú╤å╨«Γòó╤ÅΓò¥╨£╤ç╨₧Γûæ╤à╨¼Γòæ╤äΓòò╨É╤ç╨Ö╨ù╤åΓòûΓòû╤äΓòúΓûÆ╤ÅΓò¥╨£╤ç╨½╨í╤å╨₧╨╖╤å╨¢╨¥╤äΓòò╨¢╤à╨ò╨╕╤ç╨╕╨¢_urlgot_238,train,violence
..\data\raw\rwf2000\train\Train_Fight\╤à╨á╨₧╤à╨₧╨╕╤ë╨ù╨£╤ë╨¡╨▓╤äΓòò╨É╤ê╨╕╨É╤äΓòò╨¥╤à╨á╨ÿ╤àΓûæΓûÆ╤àΓò¥╨É╤å╨Ö╨ú╤ÅΓò¥╨£╤å╨¢╨Ö╤å╨«Γòó╤à╨ƒ╨¿╤å╨Ö╨ú╤å╨«Γòó╤ÅΓò¥╨£╤ç╨₧Γûæ╤à╨¼Γòæ╤äΓòò╨É╤ç╨Ö╨ù╤åΓòûΓòû╤äΓòúΓûÆ╤ÅΓò¥╨£╤ç╨½╨í╤å╨₧╨╖╤å╨¢╨¥╤äΓòò╨¢╤à╨ò╨╕╤ç╨╕╨¢_urlgot_242.avi,RWF-2000,╤à╨á╨₧╤à╨₧╨╕╤ë╨ù╨£╤ë╨¡╨▓╤äΓòò╨É╤ê╨╕╨É╤äΓòò╨¥╤à╨á╨ÿ╤àΓûæΓûÆ╤àΓò¥╨É╤å╨Ö╨ú╤ÅΓò¥╨£╤å╨¢╨Ö╤å╨«Γòó╤à╨ƒ╨¿╤å╨Ö╨ú╤å╨«Γòó╤ÅΓò¥╨£╤ç╨₧Γûæ╤à╨¼Γòæ╤äΓòò╨É╤ç╨Ö╨ù╤åΓòûΓòû╤äΓòúΓûÆ╤ÅΓò¥╨£╤ç╨½╨í╤å╨₧╨╖╤å╨¢╨¥╤äΓòò╨¢╤à╨ò╨╕╤ç╨╕╨¢_urlgot_242,train,violence
..\data\raw\rwf2000\train\Train_Fight\╤à╨┤╨╖╤ë╨⌐╨û╤ç╨á╨û╤à╨ƒ╨í╤àΓòæ╨º╤à╨ƒ╨í╤ç╨ñ╨»╤ç╨░╨¥╤äΓòæΓòæ╤äΓòæ╨¢╤äΓòùΓòó╤ÅΓò¥╨£╤äΓòò╨¢╤å╨Ö╨¢╤ç╨¼╨»╤ç╨¢╨░╤ÅΓò¥╨æ_urlgot_121.avi,RWF-2000,╤à╨┤╨╖╤ë╨⌐╨û╤ç╨á╨û╤à╨ƒ╨í╤àΓòæ╨º╤à╨ƒ╨í╤ç╨ñ╨»╤ç╨░╨¥╤äΓòæΓòæ╤äΓòæ╨¢╤äΓòùΓòó╤ÅΓò¥╨£╤äΓòò╨¢╤å╨Ö╨¢╤ç╨¼╨»╤ç╨¢╨░╤ÅΓò¥╨æ_urlgot_121,train,violence
..\data\raw\rwf2000\train\Train_Fight\╤à╨┤╨╖╤ë╨⌐╨û╤ç╨á╨û╤à╨ƒ╨í╤àΓòæ╨º╤à╨ƒ╨í╤ç╨ñ╨»╤ç╨░╨¥╤äΓòæΓòæ╤äΓòæ╨¢╤äΓòùΓòó╤ÅΓò¥╨£╤äΓòò╨¢╤å╨Ö╨¢╤ç╨¼╨»╤ç╨¢╨░╤ÅΓò¥╨æ_urlgot_122.avi,RWF-2000,╤à╨┤╨╖╤ë╨⌐╨û╤ç╨á╨û╤à╨ƒ╨í╤àΓòæ╨º╤à╨ƒ╨í╤ç╨ñ╨»╤ç╨░╨¥╤äΓòæΓòæ╤äΓòæ╨¢╤äΓòùΓòó╤ÅΓò¥╨£╤äΓòò╨¢╤å╨Ö╨¢╤ç╨¼╨»╤ç╨¢╨░╤ÅΓò¥╨æ_urlgot_122,train,violence
..\data\raw\rwf2000\train\Train_Fight\╤à╨┤╨╖╤ë╨⌐╨û╤ç╨á╨û╤à╨ƒ╨í╤àΓòæ╨º╤à╨ƒ╨í╤ç╨ñ╨»╤ç╨░╨¥╤äΓòæΓòæ╤äΓòæ╨¢╤äΓòùΓòó╤ÅΓò¥╨£╤äΓòò╨¢╤å╨Ö╨¢╤ç╨¼╨»╤ç╨¢╨░╤ÅΓò¥╨æ_urlgot_123.avi,RWF-2000,╤à╨┤╨╖╤ë╨⌐╨û╤ç╨á╨û╤à╨ƒ╨í╤àΓòæ╨º╤à╨ƒ╨í╤ç╨ñ╨»╤ç╨░╨¥╤äΓòæΓòæ╤äΓòæ╨¢╤äΓòùΓòó╤ÅΓò¥╨£╤äΓòò╨¢╤å╨Ö╨¢╤ç╨¼╨»╤ç╨¢╨░╤ÅΓò¥╨æ_urlgot_123,train,violence
..\data\raw\rwf2000\train\Train_Fight\╤à╨┤╨╖╤ë╨⌐╨û╤ç╨á╨û╤à╨ƒ╨í╤àΓòæ╨º╤à╨ƒ╨í╤ç╨ñ╨»╤ç╨░╨¥╤äΓòæΓòæ╤äΓòæ╨¢╤äΓòùΓòó╤ÅΓò¥╨£╤äΓòò╨¢╤å╨Ö╨¢╤ç╨¼╨»╤ç╨¢╨░╤ÅΓò¥╨æ_urlgot_127.avi,RWF-2000,╤à╨┤╨╖╤ë╨⌐╨û╤ç╨á╨û╤à╨ƒ╨í╤àΓòæ╨º╤à╨ƒ╨í╤ç╨ñ╨»╤ç╨░╨¥╤äΓòæΓòæ╤äΓòæ╨¢╤äΓòùΓòó╤ÅΓò¥╨£╤äΓòò╨¢╤å╨Ö╨¢╤ç╨¼╨»╤ç╨¢╨░╤ÅΓò¥╨æ_urlgot_127,train,violence
"..\data\raw\rwf2000\train\Train_Fight\╤à╨╢╨Æ╤å╨«╨¼╤äΓòò╨¥╤å╨¿╨┐╤ç╨½╨í╤å╨₧╨╖,╤êΓûæ╨æ╤äΓò¥╨¬╤ç╨½Γòò╤äΓöÉ╨▒╤àΓûæ╨ƒ╤äΓò¥╨⌐╤äΓòòΓòæ╤äΓòæ╨û╤å╨Ö╨ú╤å╨«Γòó╤ç╨½Γöñ╤å╨₧╨╡╤äΓòù╨₧╤äΓòæ╨£╤å╨╡Γò¥╤êΓòûΓöé╤äΓòò╨¢╤à╨₧Γòù_urlgot_254.avi",RWF-2000,"╤à╨╢╨Æ╤å╨«╨¼╤äΓòò╨¥╤å╨¿╨┐╤ç╨½╨í╤å╨₧╨╖,╤êΓûæ╨æ╤äΓò¥╨¬╤ç╨½Γòò╤äΓöÉ╨▒╤àΓûæ╨ƒ╤äΓò¥╨⌐╤äΓòòΓòæ╤äΓòæ╨û╤å╨Ö╨ú╤å╨«Γòó╤ç╨½Γöñ╤å╨₧╨╡╤äΓòù╨₧╤äΓòæ╨£╤å╨╡Γò¥╤êΓòûΓöé╤äΓòò╨¢╤à╨₧Γòù_urlgot_254",train,violence
..\data\raw\rwf2000\train\Train_Fight\╤äΓòò╨┤╤à╨╡Γöé╤à╨╜╨á╤àΓòæ╨º╤ë╨ù╨£╤å╨Ö╨ú╤å╨«Γòó╤ÅΓò¥╨£╤à╨¥Γöñ╤àΓò¥╨Ñ╤à╨ƒ╨í╤å╨ÑΓûæ╤à╨á╨¥╤ç╨ñΓòû╤à╨╜╨á╤à╨ùΓòæ╤å╨Ö╨¢╤ÅΓò¥╨£╤å╨¿╨┐╤äΓòù╨É╤äΓòú╨ÿ╤à╨₧╨»╤à╨½╨░╤ÅΓò¥╨»╤ç╨½╨í╤å╨₧╨╖╤å╨¢╨¥╤äΓòò╨¢╤à╨ò╨╕╤ç╨╕╨¢_urlgot_220.avi,RWF-2000,╤äΓòò╨┤╤à╨╡Γöé╤à╨╜╨á╤àΓòæ╨º╤ë╨ù╨£╤å╨Ö╨ú╤å╨«Γòó╤ÅΓò¥╨£╤à╨¥Γöñ╤àΓò¥╨Ñ╤à╨ƒ╨í╤å╨ÑΓûæ╤à╨á╨¥╤ç╨ñΓòû╤à╨╜╨á╤à╨ùΓòæ╤å╨Ö╨¢╤ÅΓò¥╨£╤å╨¿╨┐╤äΓòù╨É╤äΓòú╨ÿ╤à╨₧╨»╤à╨½╨░╤ÅΓò¥╨»╤ç╨½╨í╤å╨₧╨╖╤å╨¢╨¥╤äΓòò╨¢╤à╨ò╨╕╤ç╨╕╨¢_urlgot_220,train,violence
..\data\raw\rwf2000\train\Train_Fight\╤äΓòò╨┤╤à╨╡Γöé╤à╨╜╨á╤àΓòæ╨º╤ë╨ù╨£╤å╨Ö╨ú╤å╨«Γòó╤ÅΓò¥╨£╤à╨¥Γöñ╤àΓò¥╨Ñ╤à╨ƒ╨í╤å╨ÑΓûæ╤à╨á╨¥╤ç╨ñΓòû╤à╨╜╨á╤à╨ùΓòæ╤å╨Ö╨¢╤ÅΓò¥╨£╤å╨¿╨┐╤äΓòù╨É╤äΓòú╨ÿ╤à╨₧╨»╤à╨½╨░╤ÅΓò¥╨»╤ç╨½╨í╤å╨₧╨╖╤å╨¢╨¥╤äΓòò╨¢╤à╨ò╨╕╤ç╨╕╨¢_urlgot_221.avi,RWF-2000,╤äΓòò╨┤╤à╨╡Γöé╤à╨╜╨á╤àΓòæ╨º╤ë╨ù╨£╤å╨Ö╨ú╤å╨«Γòó╤ÅΓò¥╨£╤à╨¥Γöñ╤àΓò¥╨Ñ╤à╨ƒ╨í╤å╨ÑΓûæ╤à╨á╨¥╤ç╨ñΓòû╤à╨╜╨á╤à╨ùΓòæ╤å╨Ö╨¢╤ÅΓò¥╨£╤å╨¿╨┐╤äΓòù╨É╤äΓòú╨ÿ╤à╨₧╨»╤à╨½╨░╤ÅΓò¥╨»╤ç╨½╨í╤å╨₧╨╖╤å╨¢╨¥╤äΓòò╨¢╤à╨ò╨╕╤ç╨╕╨¢_urlgot_221,train,violence
..\data\raw\rwf2000\train\Train_Fight\╤çΓò£╨í╤à╨á╨╖╤ë╨æ╨╜╤àΓûæ╨ƒ╤åΓòûΓòû╤åΓòûΓòû╤å╨Ö╨ú╤å╨«Γòó╤ÅΓò¥╨£╤ç╨½╨í╤å╨₧╨╖╤à╨ò╨╕╤ç╨╕╨¢╤å╨¢╨¥╤å╨í╨ö_urlgot_317.avi,RWF-2000,╤çΓò£╨í╤à╨á╨╖╤ë╨æ╨╜╤àΓûæ╨ƒ╤åΓòûΓòû╤åΓòûΓòû╤å╨Ö╨ú╤å╨«Γòó╤ÅΓò¥╨£╤ç╨½╨í╤å╨₧╨╖╤à╨ò╨╕╤ç╨╕╨¢╤å╨¢╨¥╤å╨í╨ö_urlgot_317,train,violence
..\data\raw\rwf2000\train\Train_Fight\╤ç╨½╨í╤å╨₧╨╖-╤ê╨¢ΓûÆ╤à╨½Γò£╤ê╨╜╨╢╤à╨┐╨»╤å╨¬Γöñ╤à╨Ü╨½╤å╨╛Γöñ╤å╨Ö╨ú╤à╨╡Γöé╤à╨╗╨£╤ç╨Ü╨┐_urlgot_210.avi,RWF-2000,╤ç╨½╨í╤å╨₧╨╖-╤ê╨¢ΓûÆ╤à╨½Γò£╤ê╨╜╨╢╤à╨┐╨»╤å╨¬Γöñ╤à╨Ü╨½╤å╨╛Γöñ╤å╨Ö╨ú╤à╨╡Γöé╤à╨╗╨£╤ç╨Ü╨┐_urlgot_210,train,violence
..\data\raw\rwf2000\train\Train_Fight\╤ç╨½╨í╤å╨₧╨╖╤å╨¢╨¥╤äΓòò╨¢╤ë╨┤╨á╤à╨₧╨ò╤äΓòò╨É╤çΓò¢╨┤╤àΓûæ╨ƒ╤äΓò¥╨⌐╤å╨Ö╨ú╤å╨«Γòó╤å╨ª╨º╤å╨╛Γöñ ╤ê╨É╨æ╤å╨¡ΓöÉ╤ç╨«╨╝╤ë╨ºΓöñ╤à╨ƒ╨í╤ë╨│╨⌐╤äΓòæ╨û_urlgot_267.avi,RWF-2000,╤ç╨½╨í╤å╨₧╨╖╤å╨¢╨¥╤äΓòò╨¢╤ë╨┤╨á╤à╨₧╨ò╤äΓòò╨É╤çΓò¢╨┤╤àΓûæ╨ƒ╤äΓò¥╨⌐╤å╨Ö╨ú╤å╨«Γòó╤å╨ª╨º╤å╨╛Γöñ ╤ê╨É╨æ╤å╨¡ΓöÉ╤ç╨«╨╝╤ë╨ºΓöñ╤à╨ƒ╨í╤ë╨│╨⌐╤äΓòæ╨û_urlgot_267,train,violence
..\data\raw\rwf2000\train\Train_Fight\╤ç╨½╨í╤å╨₧╨╖╤å╨¢╨¥╤äΓòò╨¢╤ë╨┤╨á╤à╨₧╨ò╤äΓòò╨É╤çΓò¢╨┤╤àΓûæ╨ƒ╤äΓò¥╨⌐╤å╨Ö╨ú╤å╨«Γòó╤å╨ª╨º╤å╨╛Γöñ ╤ê╨É╨æ╤å╨¡ΓöÉ╤ç╨«╨╝╤ë╨ºΓöñ╤à╨ƒ╨í╤ë╨│╨⌐╤äΓòæ╨û_urlgot_268.avi,RWF-2000,╤ç╨½╨í╤å╨₧╨╖╤å╨¢╨¥╤äΓòò╨¢╤ë╨┤╨á╤à╨₧╨ò╤äΓòò╨É╤çΓò¢╨┤╤àΓûæ╨ƒ╤äΓò¥╨⌐╤å╨Ö╨ú╤å╨«Γòó╤å╨ª╨º╤å╨╛Γöñ ╤ê╨É╨æ╤å╨¡ΓöÉ╤ç╨«╨╝╤ë╨ºΓöñ╤à╨ƒ╨í╤ë╨│╨⌐╤äΓòæ╨û_urlgot_268,train,violence
..\data\raw\rwf2000\train\Train_Fight\╤ç╨½╨í╤å╨₧╨╖╤å╨¢╨¥╤äΓòò╨¢╤ë╨┤╨á╤à╨₧╨ò╤äΓòò╨É╤çΓò¢╨┤╤àΓûæ╨ƒ╤äΓò¥╨⌐╤å╨Ö╨ú╤å╨«Γòó╤å╨ª╨º╤å╨╛Γöñ ╤ê╨É╨æ╤å╨¡ΓöÉ╤ç╨«╨╝╤ë╨ºΓöñ╤à╨ƒ╨í╤ë╨│╨⌐╤äΓòæ╨û_urlgot_279.avi,RWF-2000,╤ç╨½╨í╤å╨₧╨╖╤å╨¢╨¥╤äΓòò╨¢╤ë╨┤╨á╤à╨₧╨ò╤äΓòò╨É╤çΓò¢╨┤╤àΓûæ╨ƒ╤äΓò¥╨⌐╤å╨Ö╨ú╤å╨«Γòó╤å╨ª╨º╤å╨╛Γöñ ╤ê╨É╨æ╤å╨¡ΓöÉ╤ç╨«╨╝╤ë╨ºΓöñ╤à╨ƒ╨í╤ë╨│╨⌐╤äΓòæ╨û_urlgot_279,train,violence
..\data\raw\rwf2000\train\Train_NonFight\-1l5631l3fg_0.avi,RWF-2000,-1l5631l3fg_0,train,nonviolence
..\data\raw\rwf2000\train\Train_NonFight\-1l5631l3fg_1.avi,RWF-2000,-1l5631l3fg_1,train,nonviolence
..\data\raw\rwf2000\train\Train_NonFight\0AvTZRYx_0.avi,RWF-2000,0AvTZRYx_0,train,nonviolence
..\data\raw\rwf2000\train\Train_NonFight\0GGPb4iO_0.avi,RWF-2000,0GGPb4iO_0,train,nonviolence
..\data\raw\rwf2000\train\Train_NonFight\0H2s9UJcNJ0_0.avi,RWF-2000,0H2s9UJcNJ0_0,train,nonviolence
..\data\raw\rwf2000\train\Train_NonFight\0H2s9UJcNJ0_1.avi,RWF-2000,0H2s9UJcNJ0_1,train,nonviolence
..\data\raw\rwf2000\train\Train_NonFight\0H2s9UJcNJ0_2.avi,RWF-2000,0H2s9UJcNJ0_2,train,nonviolence
..\data\raw\rwf2000\train\Train_NonFight\0NqPsSHdri8_0.avi,RWF-2000,0NqPsSHdri8_0,train,nonviolence
..\data\raw\rwf2000\train\Train_NonFight\0QSeuqzpcOQ_0.avi,RWF-2000,0QSeuqzpcOQ_0,train,nonviolence
..\data\raw\rwf2000\train\Train_NonFight\0QSeuqzpcOQ_1.avi,RWF-2000,0QSeuqzpcOQ_1,train,nonviolence
..\data\raw\rwf2000\train\Train_NonFight\0TFi8D8IBg4_0.avi,RWF-2000,0TFi8D8IBg4_0,train,nonviolence
..\data\raw\rwf2000\train\Train_NonFight\0TP13Nyn_0.avi,RWF-2000,0TP13Nyn_0,train,nonviolence
..\data\raw\rwf2000\train\Train_NonFight\0vasozvJYvk_0.avi,RWF-2000,0vasozvJYvk_0,train,nonviolence
..\data\raw\rwf2000\train\Train_NonFight\0vasozvJYvk_1.avi,RWF-2000,0vasozvJYvk_1,train,nonviolence
..\data\raw\rwf2000\train\Train_NonFight\0vasozvJYvk_2.avi,RWF-2000,0vasozvJYvk_2,train,nonviolence
..\data\raw\rwf2000\train\Train_NonFight\0xoSMgad_0.avi,RWF-2000,0xoSMgad_0,train,nonviolence
..\data\raw\rwf2000\train\Train_NonFight\0YbzxGPE_0.avi,RWF-2000,0YbzxGPE_0,train,nonviolence
..\data\raw\rwf2000\train\Train_NonFight\0_DzLlklZa0_0.avi,RWF-2000,0_DzLlklZa0_0,train,nonviolence
..\data\raw\rwf2000\train\Train_NonFight\0_DzLlklZa0_1.avi,RWF-2000,0_DzLlklZa0_1,train,nonviolence
..\data\raw\rwf2000\train\Train_NonFight\0_DzLlklZa0_2.avi,RWF-2000,0_DzLlklZa0_2,train,nonviolence
..\data\raw\rwf2000\train\Train_NonFight\0_DzLlklZa0_3.avi,RWF-2000,0_DzLlklZa0_3,train,nonviolence
..\data\raw\rwf2000\train\Train_NonFight\11vr9Jho_0.avi,RWF-2000,11vr9Jho_0,train,nonviolence
..\data\raw\rwf2000\train\Train_NonFight\14YZVngQ_0.avi,RWF-2000,14YZVngQ_0,train,nonviolence
..\data\raw\rwf2000\train\Train_NonFight\16O0PIQP_0.avi,RWF-2000,16O0PIQP_0,train,nonviolence
..\data\raw\rwf2000\train\Train_NonFight\18xQQOv5_0.avi,RWF-2000,18xQQOv5_0,train,nonviolence
..\data\raw\rwf2000\train\Train_NonFight\1A3zEkCHBl8_0.avi,RWF-2000,1A3zEkCHBl8_0,train,nonviolence
..\data\raw\rwf2000\train\Train_NonFight\1A3zEkCHBl8_1.avi,RWF-2000,1A3zEkCHBl8_1,train,nonviolence
..\data\raw\rwf2000\train\Train_NonFight\1A3zEkCHBl8_2.avi,RWF-2000,1A3zEkCHBl8_2,train,nonviolence
..\data\raw\rwf2000\train\Train_NonFight\1ahhhDBQHxg_0.avi,RWF-2000,1ahhhDBQHxg_0,train,nonviolence
..\data\raw\rwf2000\train\Train_NonFight\1dsLuL5Lvbc_0.avi,RWF-2000,1dsLuL5Lvbc_0,train,nonviolence
..\data\raw\rwf2000\train\Train_NonFight\1O4KGHbRt3M_0.avi,RWF-2000,1O4KGHbRt3M_0,train,nonviolence
..\data\raw\rwf2000\train\Train_NonFight\1O4KGHbRt3M_1.avi,RWF-2000,1O4KGHbRt3M_1,train,nonviolence
..\data\raw\rwf2000\train\Train_NonFight\1oEbrZhr_0.avi,RWF-2000,1oEbrZhr_0,train,nonviolence
..\data\raw\rwf2000\train\Train_NonFight\1OXrIaQK_0.avi,RWF-2000,1OXrIaQK_0,train,nonviolence
..\data\raw\rwf2000\train\Train_NonFight\1QixA5m2_0.avi,RWF-2000,1QixA5m2_0,train,nonviolence
..\data\raw\rwf2000\train\Train_NonFight\1r91ACCe_0.avi,RWF-2000,1r91ACCe_0,train,nonviolence
..\data\raw\rwf2000\train\Train_NonFight\1tU4kxa51vw_0.avi,RWF-2000,1tU4kxa51vw_0,train,nonviolence
..\data\raw\rwf2000\train\Train_NonFight\1tU4kxa51vw_1.avi,RWF-2000,1tU4kxa51vw_1,train,nonviolence
..\data\raw\rwf2000\train\Train_NonFight\1tU4kxa51vw_2.avi,RWF-2000,1tU4kxa51vw_2,train,nonviolence
..\data\raw\rwf2000\train\Train_NonFight\1Ytq2moWGdw_0.avi,RWF-2000,1Ytq2moWGdw_0,train,nonviolence
..\data\raw\rwf2000\train\Train_NonFight\24E0xYYUz44_0.avi,RWF-2000,24E0xYYUz44_0,train,nonviolence
..\data\raw\rwf2000\train\Train_NonFight\24E0xYYUz44_1.avi,RWF-2000,24E0xYYUz44_1,train,nonviolence
..\data\raw\rwf2000\train\Train_NonFight\24E0xYYUz44_2.avi,RWF-2000,24E0xYYUz44_2,train,nonviolence
..\data\raw\rwf2000\train\Train_NonFight\2bBn7MLg_0.avi,RWF-2000,2bBn7MLg_0,train,nonviolence
..\data\raw\rwf2000\train\Train_NonFight\2gkuUVq1_0.avi,RWF-2000,2gkuUVq1_0,train,nonviolence
..\data\raw\rwf2000\train\Train_NonFight\2KMf6p5Q_0.avi,RWF-2000,2KMf6p5Q_0,train,nonviolence
..\data\raw\rwf2000\train\Train_NonFight\2KvkZ4yo_0.avi,RWF-2000,2KvkZ4yo_0,train,nonviolence
..\data\raw\rwf2000\train\Train_NonFight\310cmTrl_0.avi,RWF-2000,310cmTrl_0,train,nonviolence
..\data\raw\rwf2000\train\Train_NonFight\36zWWHlldS8_0.avi,RWF-2000,36zWWHlldS8_0,train,nonviolence
..\data\raw\rwf2000\train\Train_NonFight\3CQi0ZCCHvc_0.avi,RWF-2000,3CQi0ZCCHvc_0,train,nonviolence
..\data\raw\rwf2000\train\Train_NonFight\3CQi0ZCCHvc_1.avi,RWF-2000,3CQi0ZCCHvc_1,train,nonviolence
..\data\raw\rwf2000\train\Train_NonFight\3CQi0ZCCHvc_2.avi,RWF-2000,3CQi0ZCCHvc_2,train,nonviolence
..\data\raw\rwf2000\train\Train_NonFight\3djtKN3k_0.avi,RWF-2000,3djtKN3k_0,train,nonviolence
..\data\raw\rwf2000\train\Train_NonFight\3Edebh8P_0.avi,RWF-2000,3Edebh8P_0,train,nonviolence
..\data\raw\rwf2000\train\Train_NonFight\3GUaHts0_0.avi,RWF-2000,3GUaHts0_0,train,nonviolence
..\data\raw\rwf2000\train\Train_NonFight\3HCpeji1_0.avi,RWF-2000,3HCpeji1_0,train,nonviolence
..\data\raw\rwf2000\train\Train_NonFight\3kpviz7lAMY_0.avi,RWF-2000,3kpviz7lAMY_0,train,nonviolence
..\data\raw\rwf2000\train\Train_NonFight\3OKArbzg1uc_0.avi,RWF-2000,3OKArbzg1uc_0,train,nonviolence
..\data\raw\rwf2000\train\Train_NonFight\3pRrZ9TS_0.avi,RWF-2000,3pRrZ9TS_0,train,nonviolence
..\data\raw\rwf2000\train\Train_NonFight\3qsou7p57Nk_0.avi,RWF-2000,3qsou7p57Nk_0,train,nonviolence
..\data\raw\rwf2000\train\Train_NonFight\3qsou7p57Nk_1.avi,RWF-2000,3qsou7p57Nk_1,train,nonviolence
..\data\raw\rwf2000\train\Train_NonFight\3SS0E4SmTk8_0.avi,RWF-2000,3SS0E4SmTk8_0,train,nonviolence
..\data\raw\rwf2000\train\Train_NonFight\3SS0E4SmTk8_1.avi,RWF-2000,3SS0E4SmTk8_1,train,nonviolence
..\data\raw\rwf2000\train\Train_NonFight\3SS0E4SmTk8_2.avi,RWF-2000,3SS0E4SmTk8_2,train,nonviolence
..\data\raw\rwf2000\train\Train_NonFight\3TQqO4N8_0.avi,RWF-2000,3TQqO4N8_0,train,nonviolence
..\data\raw\rwf2000\train\Train_NonFight\3Vw7MoNBgx4_0.avi,RWF-2000,3Vw7MoNBgx4_0,train,nonviolence
..\data\raw\rwf2000\train\Train_NonFight\3Vw7MoNBgx4_1.avi,RWF-2000,3Vw7MoNBgx4_1,train,nonviolence
..\data\raw\rwf2000\train\Train_NonFight\3z7ncTuu_0.avi,RWF-2000,3z7ncTuu_0,train,nonviolence
..\data\raw\rwf2000\train\Train_NonFight\3ZY4hpms_0.avi,RWF-2000,3ZY4hpms_0,train,nonviolence
..\data\raw\rwf2000\train\Train_NonFight\40l8LuP4_0.avi,RWF-2000,40l8LuP4_0,train,nonviolence
..\data\raw\rwf2000\train\Train_NonFight\4Fqxw7Nl_0.avi,RWF-2000,4Fqxw7Nl_0,train,nonviolence
..\data\raw\rwf2000\train\Train_NonFight\4fY0Iv4t_0.avi,RWF-2000,4fY0Iv4t_0,train,nonviolence
..\data\raw\rwf2000\train\Train_NonFight\4grE6XdY_0.avi,RWF-2000,4grE6XdY_0,train,nonviolence
..\data\raw\rwf2000\train\Train_NonFight\4HH7yMU8y9A_0.avi,RWF-2000,4HH7yMU8y9A_0,train,nonviolence
..\data\raw\rwf2000\train\Train_NonFight\4HH7yMU8y9A_1.avi,RWF-2000,4HH7yMU8y9A_1,train,nonviolence
..\data\raw\rwf2000\train\Train_NonFight\4HH7yMU8y9A_2.avi,RWF-2000,4HH7yMU8y9A_2,train,nonviolence
..\data\raw\rwf2000\train\Train_NonFight\4HH7yMU8y9A_3.avi,RWF-2000,4HH7yMU8y9A_3,train,nonviolence
..\data\raw\rwf2000\train\Train_NonFight\4jZvTj4j_0.avi,RWF-2000,4jZvTj4j_0,train,nonviolence
..\data\raw\rwf2000\train\Train_NonFight\4RgIlSIB_0.avi,RWF-2000,4RgIlSIB_0,train,nonviolence
..\data\raw\rwf2000\train\Train_NonFight\4RqDG4I4iAk_0.avi,RWF-2000,4RqDG4I4iAk_0,train,nonviolence
..\data\raw\rwf2000\train\Train_NonFight\4RqDG4I4iAk_1.avi,RWF-2000,4RqDG4I4iAk_1,train,nonviolence
..\data\raw\rwf2000\train\Train_NonFight\4RqDG4I4iAk_2.avi,RWF-2000,4RqDG4I4iAk_2,train,nonviolence
..\data\raw\rwf2000\train\Train_NonFight\4x9VdiCc_0.avi,RWF-2000,4x9VdiCc_0,train,nonviolence
..\data\raw\rwf2000\train\Train_NonFight\4yTlGiDoxBo_0.avi,RWF-2000,4yTlGiDoxBo_0,train,nonviolence
..\data\raw\rwf2000\train\Train_NonFight\4yTlGiDoxBo_1.avi,RWF-2000,4yTlGiDoxBo_1,train,nonviolence
..\data\raw\rwf2000\train\Train_NonFight\4yTlGiDoxBo_2.avi,RWF-2000,4yTlGiDoxBo_2,train,nonviolence
..\data\raw\rwf2000\train\Train_NonFight\551_wlV44GU_0.avi,RWF-2000,551_wlV44GU_0,train,nonviolence
..\data\raw\rwf2000\train\Train_NonFight\551_wlV44GU_1.avi,RWF-2000,551_wlV44GU_1,train,nonviolence
..\data\raw\rwf2000\train\Train_NonFight\5CwYc67y_0.avi,RWF-2000,5CwYc67y_0,train,nonviolence
..\data\raw\rwf2000\train\Train_NonFight\5ieZt2nc_0.avi,RWF-2000,5ieZt2nc_0,train,nonviolence
..\data\raw\rwf2000\train\Train_NonFight\5RayT2Vy0EA_0.avi,RWF-2000,5RayT2Vy0EA_0,train,nonviolence
..\data\raw\rwf2000\train\Train_NonFight\5RayT2Vy0EA_1.avi,RWF-2000,5RayT2Vy0EA_1,train,nonviolence
..\data\raw\rwf2000\train\Train_NonFight\5RayT2Vy0EA_2.avi,RWF-2000,5RayT2Vy0EA_2,train,nonviolence
..\data\raw\rwf2000\train\Train_NonFight\5z1f5blMBdk_0.avi,RWF-2000,5z1f5blMBdk_0,train,nonviolence
..\data\raw\rwf2000\train\Train_NonFight\5zVqOS0l_0.avi,RWF-2000,5zVqOS0l_0,train,nonviolence
..\data\raw\rwf2000\train\Train_NonFight\6b254l7P_0.avi,RWF-2000,6b254l7P_0,train,nonviolence
..\data\raw\rwf2000\train\Train_NonFight\6Dej3-k3MRE_0.avi,RWF-2000,6Dej3-k3MRE_0,train,nonviolence
..\data\raw\rwf2000\train\Train_NonFight\6Dej3-k3MRE_1.avi,RWF-2000,6Dej3-k3MRE_1,train,nonviolence
..\data\raw\rwf2000\train\Train_NonFight\6Dej3-k3MRE_2.avi,RWF-2000,6Dej3-k3MRE_2,train,nonviolence
..\data\raw\rwf2000\train\Train_NonFight\6hots6jj_0.avi,RWF-2000,6hots6jj_0,train,nonviolence
..\data\raw\rwf2000\train\Train_NonFight\6JmCJbug_0.avi,RWF-2000,6JmCJbug_0,train,nonviolence
..\data\raw\rwf2000\train\Train_NonFight\6mrIIcAQ2fI_0.avi,RWF-2000,6mrIIcAQ2fI_0,train,nonviolence
..\data\raw\rwf2000\train\Train_NonFight\6mrIIcAQ2fI_1.avi,RWF-2000,6mrIIcAQ2fI_1,train,nonviolence
..\data\raw\rwf2000\train\Train_NonFight\6MSwCc0a_0.avi,RWF-2000,6MSwCc0a_0,train,nonviolence
..\data\raw\rwf2000\train\Train_NonFight\6n48sGUq_0.avi,RWF-2000,6n48sGUq_0,train,nonviolence
..\data\raw\rwf2000\train\Train_NonFight\6YmBBzyX_0.avi,RWF-2000,6YmBBzyX_0,train,nonviolence
..\data\raw\rwf2000\train\Train_NonFight\7-e3_UW7L7U_0.avi,RWF-2000,7-e3_UW7L7U_0,train,nonviolence
..\data\raw\rwf2000\train\Train_NonFight\7icHwpC_d44_0.avi,RWF-2000,7icHwpC_d44_0,train,nonviolence
..\data\raw\rwf2000\train\Train_NonFight\7KXPekwe_0.avi,RWF-2000,7KXPekwe_0,train,nonviolence
..\data\raw\rwf2000\train\Train_NonFight\7QgVKRHB_0.avi,RWF-2000,7QgVKRHB_0,train,nonviolence
..\data\raw\rwf2000\train\Train_NonFight\7qtRgyFsk3s_0.avi,RWF-2000,7qtRgyFsk3s_0,train,nonviolence
..\data\raw\rwf2000\train\Train_NonFight\7qtRgyFsk3s_1.avi,RWF-2000,7qtRgyFsk3s_1,train,nonviolence
..\data\raw\rwf2000\train\Train_NonFight\7R1m3V8C30g_0.avi,RWF-2000,7R1m3V8C30g_0,train,nonviolence
..\data\raw\rwf2000\train\Train_NonFight\7R1m3V8C30g_1.avi,RWF-2000,7R1m3V8C30g_1,train,nonviolence
..\data\raw\rwf2000\train\Train_NonFight\80ySNph9_0.avi,RWF-2000,80ySNph9_0,train,nonviolence
..\data\raw\rwf2000\train\Train_NonFight\85dkGMed_0.avi,RWF-2000,85dkGMed_0,train,nonviolence
..\data\raw\rwf2000\train\Train_NonFight\86lUShJD_0.avi,RWF-2000,86lUShJD_0,train,nonviolence
..\data\raw\rwf2000\train\Train_NonFight\88ndrvAZpE8_0.avi,RWF-2000,88ndrvAZpE8_0,train,nonviolence
..\data\raw\rwf2000\train\Train_NonFight\88ndrvAZpE8_1.avi,RWF-2000,88ndrvAZpE8_1,train,nonviolence
..\data\raw\rwf2000\train\Train_NonFight\8MuRpAyP_0.avi,RWF-2000,8MuRpAyP_0,train,nonviolence
..\data\raw\rwf2000\train\Train_NonFight\8pKKdS7rhXo_0.avi,RWF-2000,8pKKdS7rhXo_0,train,nonviolence
..\data\raw\rwf2000\train\Train_NonFight\8PuNOqvh_0.avi,RWF-2000,8PuNOqvh_0,train,nonviolence
..\data\raw\rwf2000\train\Train_NonFight\8SWZq5we_fk_0.avi,RWF-2000,8SWZq5we_fk_0,train,nonviolence
..\data\raw\rwf2000\train\Train_NonFight\8SWZq5we_fk_1.avi,RWF-2000,8SWZq5we_fk_1,train,nonviolence
..\data\raw\rwf2000\train\Train_NonFight\8SWZq5we_fk_2.avi,RWF-2000,8SWZq5we_fk_2,train,nonviolence
..\data\raw\rwf2000\train\Train_NonFight\8U6x0VMW_0.avi,RWF-2000,8U6x0VMW_0,train,nonviolence
..\data\raw\rwf2000\train\Train_NonFight\8VqTmuq4HcI_0.avi,RWF-2000,8VqTmuq4HcI_0,train,nonviolence
..\data\raw\rwf2000\train\Train_NonFight\8VqTmuq4HcI_1.avi,RWF-2000,8VqTmuq4HcI_1,train,nonviolence
..\data\raw\rwf2000\train\Train_NonFight\8VqTmuq4HcI_2.avi,RWF-2000,8VqTmuq4HcI_2,train,nonviolence
..\data\raw\rwf2000\train\Train_NonFight\9CeKXVvD_0.avi,RWF-2000,9CeKXVvD_0,train,nonviolence
..\data\raw\rwf2000\train\Train_NonFight\9C_LQa7nnFg_0.avi,RWF-2000,9C_LQa7nnFg_0,train,nonviolence
..\data\raw\rwf2000\train\Train_NonFight\9C_LQa7nnFg_1.avi,RWF-2000,9C_LQa7nnFg_1,train,nonviolence
..\data\raw\rwf2000\train\Train_NonFight\9C_LQa7nnFg_2.avi,RWF-2000,9C_LQa7nnFg_2,train,nonviolence
..\data\raw\rwf2000\train\Train_NonFight\9F6pZn73_0.avi,RWF-2000,9F6pZn73_0,train,nonviolence
..\data\raw\rwf2000\train\Train_NonFight\9GFNxpur_0.avi,RWF-2000,9GFNxpur_0,train,nonviolence
..\data\raw\rwf2000\train\Train_NonFight\9haGKtHJ_0.avi,RWF-2000,9haGKtHJ_0,train,nonviolence
..\data\raw\rwf2000\train\Train_NonFight\9Jss3rP1_0.avi,RWF-2000,9Jss3rP1_0,train,nonviolence
..\data\raw\rwf2000\train\Train_NonFight\9N4HikpX_0.avi,RWF-2000,9N4HikpX_0,train,nonviolence
..\data\raw\rwf2000\train\Train_NonFight\9nFtxkJ7ywg_0.avi,RWF-2000,9nFtxkJ7ywg_0,train,nonviolence
..\data\raw\rwf2000\train\Train_NonFight\9qjOCoE7_0.avi,RWF-2000,9qjOCoE7_0,train,nonviolence
..\data\raw\rwf2000\train\Train_NonFight\9U8J4abJGDg_0.avi,RWF-2000,9U8J4abJGDg_0,train,nonviolence
..\data\raw\rwf2000\train\Train_NonFight\9uvZbSsy_0.avi,RWF-2000,9uvZbSsy_0,train,nonviolence
..\data\raw\rwf2000\train\Train_NonFight\a2kw3cfb_0.avi,RWF-2000,a2kw3cfb_0,train,nonviolence
..\data\raw\rwf2000\train\Train_NonFight\a2qLzOu_n0s_0.avi,RWF-2000,a2qLzOu_n0s_0,train,nonviolence
..\data\raw\rwf2000\train\Train_NonFight\a39igxDY_0.avi,RWF-2000,a39igxDY_0,train,nonviolence
..\data\raw\rwf2000\train\Train_NonFight\a7gBQaAFEtw_0.avi,RWF-2000,a7gBQaAFEtw_0,train,nonviolence
..\data\raw\rwf2000\train\Train_NonFight\a7gBQaAFEtw_1.avi,RWF-2000,a7gBQaAFEtw_1,train,nonviolence
..\data\raw\rwf2000\train\Train_NonFight\a7gBQaAFEtw_2.avi,RWF-2000,a7gBQaAFEtw_2,train,nonviolence
..\data\raw\rwf2000\train\Train_NonFight\a7gBQaAFEtw_3.avi,RWF-2000,a7gBQaAFEtw_3,train,nonviolence
..\data\raw\rwf2000\train\Train_NonFight\a7gBQaAFEtw_4.avi,RWF-2000,a7gBQaAFEtw_4,train,nonviolence
..\data\raw\rwf2000\train\Train_NonFight\a7gBQaAFEtw_5.avi,RWF-2000,a7gBQaAFEtw_5,train,nonviolence
..\data\raw\rwf2000\train\Train_NonFight\AbD9xwut_0.avi,RWF-2000,AbD9xwut_0,train,nonviolence
..\data\raw\rwf2000\train\Train_NonFight\Ae3RYgGF_0.avi,RWF-2000,Ae3RYgGF_0,train,nonviolence
..\data\raw\rwf2000\train\Train_NonFight\AEGjLggu_0.avi,RWF-2000,AEGjLggu_0,train,nonviolence
..\data\raw\rwf2000\train\Train_NonFight\AF4Rk1I2_0.avi,RWF-2000,AF4Rk1I2_0,train,nonviolence
..\data\raw\rwf2000\train\Train_NonFight\AG0ofjSP_0.avi,RWF-2000,AG0ofjSP_0,train,nonviolence
..\data\raw\rwf2000\train\Train_NonFight\aGfwZ3E4_0.avi,RWF-2000,aGfwZ3E4_0,train,nonviolence
..\data\raw\rwf2000\train\Train_NonFight\ajJRyYZUEtA_0.avi,RWF-2000,ajJRyYZUEtA_0,train,nonviolence
..\data\raw\rwf2000\train\Train_NonFight\ajJRyYZUEtA_1.avi,RWF-2000,ajJRyYZUEtA_1,train,nonviolence
..\data\raw\rwf2000\train\Train_NonFight\ajJRyYZUEtA_2.avi,RWF-2000,ajJRyYZUEtA_2,train,nonviolence
..\data\raw\rwf2000\train\Train_NonFight\aKgSasWRJ2s_0.avi,RWF-2000,aKgSasWRJ2s_0,train,nonviolence
..\data\raw\rwf2000\train\Train_NonFight\aKK0B4kpKZA_0.avi,RWF-2000,aKK0B4kpKZA_0,train,nonviolence
..\data\raw\rwf2000\train\Train_NonFight\Am9mUxPTvK4_0.avi,RWF-2000,Am9mUxPTvK4_0,train,nonviolence
..\data\raw\rwf2000\train\Train_NonFight\aoFX2ZCB_0.avi,RWF-2000,aoFX2ZCB_0,train,nonviolence
..\data\raw\rwf2000\train\Train_NonFight\API3q8TBGu4_0.avi,RWF-2000,API3q8TBGu4_0,train,nonviolence
..\data\raw\rwf2000\train\Train_NonFight\API3q8TBGu4_1.avi,RWF-2000,API3q8TBGu4_1,train,nonviolence
..\data\raw\rwf2000\train\Train_NonFight\aQysMqg0K7M_0.avi,RWF-2000,aQysMqg0K7M_0,train,nonviolence
..\data\raw\rwf2000\train\Train_NonFight\aQysMqg0K7M_1.avi,RWF-2000,aQysMqg0K7M_1,train,nonviolence
..\data\raw\rwf2000\train\Train_NonFight\aQysMqg0K7M_2.avi,RWF-2000,aQysMqg0K7M_2,train,nonviolence
..\data\raw\rwf2000\train\Train_NonFight\aQysMqg0K7M_3.avi,RWF-2000,aQysMqg0K7M_3,train,nonviolence
..\data\raw\rwf2000\train\Train_NonFight\aRvWjteA_0.avi,RWF-2000,aRvWjteA_0,train,nonviolence
..\data\raw\rwf2000\train\Train_NonFight\arXD3QM2_0.avi,RWF-2000,arXD3QM2_0,train,nonviolence
..\data\raw\rwf2000\train\Train_NonFight\as4zD6d86q0_0.avi,RWF-2000,as4zD6d86q0_0,train,nonviolence
..\data\raw\rwf2000\train\Train_NonFight\AsGAgf8U2rk_0.avi,RWF-2000,AsGAgf8U2rk_0,train,nonviolence
..\data\raw\rwf2000\train\Train_NonFight\Assault005_x264_0.avi,RWF-2000,Assault005_x264_0,train,nonviolence
..\data\raw\rwf2000\train\Train_NonFight\Assault005_x264_1.avi,RWF-2000,Assault005_x264_1,train,nonviolence
..\data\raw\rwf2000\train\Train_NonFight\Assault009_x264_0.avi,RWF-2000,Assault009_x264_0,train,nonviolence
..\data\raw\rwf2000\train\Train_NonFight\Assault009_x264_1.avi,RWF-2000,Assault009_x264_1,train,nonviolence
..\data\raw\rwf2000\train\Train_NonFight\Assault010_x264_0.avi,RWF-2000,Assault010_x264_0,train,nonviolence
..\data\raw\rwf2000\train\Train_NonFight\Assault010_x264_1.avi,RWF-2000,Assault010_x264_1,train,nonviolence
..\data\raw\rwf2000\train\Train_NonFight\Assault011_x264_0.avi,RWF-2000,Assault011_x264_0,train,nonviolence
..\data\raw\rwf2000\train\Train_NonFight\Assault011_x264_1.avi,RWF-2000,Assault011_x264_1,train,nonviolence
..\data\raw\rwf2000\train\Train_NonFight\AszvEN7z_0.avi,RWF-2000,AszvEN7z_0,train,nonviolence
..\data\raw\rwf2000\train\Train_NonFight\ATDMY6PzK9U_0.avi,RWF-2000,ATDMY6PzK9U_0,train,nonviolence
..\data\raw\rwf2000\train\Train_NonFight\az7WDDFT_0.avi,RWF-2000,az7WDDFT_0,train,nonviolence
..\data\raw\rwf2000\train\Train_NonFight\B3UdlWcs_0.avi,RWF-2000,B3UdlWcs_0,train,nonviolence
..\data\raw\rwf2000\train\Train_NonFight\B6DO4tXb_0.avi,RWF-2000,B6DO4tXb_0,train,nonviolence
..\data\raw\rwf2000\train\Train_NonFight\b6XfVAZC9Zs_0.avi,RWF-2000,b6XfVAZC9Zs_0,train,nonviolence
..\data\raw\rwf2000\train\Train_NonFight\b6XfVAZC9Zs_1.avi,RWF-2000,b6XfVAZC9Zs_1,train,nonviolence
..\data\raw\rwf2000\train\Train_NonFight\b6XfVAZC9Zs_2.avi,RWF-2000,b6XfVAZC9Zs_2,train,nonviolence
..\data\raw\rwf2000\train\Train_NonFight\b9I5dDvH_0.avi,RWF-2000,b9I5dDvH_0,train,nonviolence
..\data\raw\rwf2000\train\Train_NonFight\bd48s5BpoGY_0.avi,RWF-2000,bd48s5BpoGY_0,train,nonviolence
..\data\raw\rwf2000\train\Train_NonFight\BEoVUtDm_0.avi,RWF-2000,BEoVUtDm_0,train,nonviolence
..\data\raw\rwf2000\train\Train_NonFight\bK1saynI_0.avi,RWF-2000,bK1saynI_0,train,nonviolence
..\data\raw\rwf2000\train\Train_NonFight\BKtajPcB_0.avi,RWF-2000,BKtajPcB_0,train,nonviolence
..\data\raw\rwf2000\train\Train_NonFight\BOLcNZ5O_0.avi,RWF-2000,BOLcNZ5O_0,train,nonviolence
..\data\raw\rwf2000\train\Train_NonFight\BOt8ZMpM_0.avi,RWF-2000,BOt8ZMpM_0,train,nonviolence
..\data\raw\rwf2000\train\Train_NonFight\BpargJW29Wo_0.avi,RWF-2000,BpargJW29Wo_0,train,nonviolence
..\data\raw\rwf2000\train\Train_NonFight\BpargJW29Wo_1.avi,RWF-2000,BpargJW29Wo_1,train,nonviolence
..\data\raw\rwf2000\train\Train_NonFight\bpbiA2sr_0.avi,RWF-2000,bpbiA2sr_0,train,nonviolence
..\data\raw\rwf2000\train\Train_NonFight\bQHNsRpQOIE_0.avi,RWF-2000,bQHNsRpQOIE_0,train,nonviolence
..\data\raw\rwf2000\train\Train_NonFight\bQHNsRpQOIE_1.avi,RWF-2000,bQHNsRpQOIE_1,train,nonviolence
..\data\raw\rwf2000\train\Train_NonFight\bQHNsRpQOIE_2.avi,RWF-2000,bQHNsRpQOIE_2,train,nonviolence
..\data\raw\rwf2000\train\Train_NonFight\bUaC34RU_0.avi,RWF-2000,bUaC34RU_0,train,nonviolence
..\data\raw\rwf2000\train\Train_NonFight\BUjGBAPb_0.avi,RWF-2000,BUjGBAPb_0,train,nonviolence
..\data\raw\rwf2000\train\Train_NonFight\c1bRFt0x_0.avi,RWF-2000,c1bRFt0x_0,train,nonviolence
..\data\raw\rwf2000\train\Train_NonFight\c1PJngmt_0.avi,RWF-2000,c1PJngmt_0,train,nonviolence
..\data\raw\rwf2000\train\Train_NonFight\C3cT1JGv_0.avi,RWF-2000,C3cT1JGv_0,train,nonviolence
..\data\raw\rwf2000\train\Train_NonFight\C4SQF-UZzkA_0.avi,RWF-2000,C4SQF-UZzkA_0,train,nonviolence
..\data\raw\rwf2000\train\Train_NonFight\C4SQF-UZzkA_1.avi,RWF-2000,C4SQF-UZzkA_1,train,nonviolence
..\data\raw\rwf2000\train\Train_NonFight\C4SQF-UZzkA_2.avi,RWF-2000,C4SQF-UZzkA_2,train,nonviolence
..\data\raw\rwf2000\train\Train_NonFight\C76VU1PQ_0.avi,RWF-2000,C76VU1PQ_0,train,nonviolence
..\data\raw\rwf2000\train\Train_NonFight\c7j3qEqO_0.avi,RWF-2000,c7j3qEqO_0,train,nonviolence
..\data\raw\rwf2000\train\Train_NonFight\C7sNO3e2_0.avi,RWF-2000,C7sNO3e2_0,train,nonviolence
..\data\raw\rwf2000\train\Train_NonFight\C7Ty4ui5_0.avi,RWF-2000,C7Ty4ui5_0,train,nonviolence
..\data\raw\rwf2000\train\Train_NonFight\cAp5A44HRS8_0.avi,RWF-2000,cAp5A44HRS8_0,train,nonviolence
..\data\raw\rwf2000\train\Train_NonFight\cAp5A44HRS8_1.avi,RWF-2000,cAp5A44HRS8_1,train,nonviolence
..\data\raw\rwf2000\train\Train_NonFight\cErr6pCN_0.avi,RWF-2000,cErr6pCN_0,train,nonviolence
..\data\raw\rwf2000\train\Train_NonFight\cfks5NXs_0.avi,RWF-2000,cfks5NXs_0,train,nonviolence
..\data\raw\rwf2000\train\Train_NonFight\cfOKjx8l_0.avi,RWF-2000,cfOKjx8l_0,train,nonviolence
..\data\raw\rwf2000\train\Train_NonFight\CfPgoKqk_0.avi,RWF-2000,CfPgoKqk_0,train,nonviolence
..\data\raw\rwf2000\train\Train_NonFight\cHsy9xWM_0.avi,RWF-2000,cHsy9xWM_0,train,nonviolence
..\data\raw\rwf2000\train\Train_NonFight\cJvLTWGs-SE_0.avi,RWF-2000,cJvLTWGs-SE_0,train,nonviolence
..\data\raw\rwf2000\train\Train_NonFight\cJvLTWGs-SE_1.avi,RWF-2000,cJvLTWGs-SE_1,train,nonviolence
..\data\raw\rwf2000\train\Train_NonFight\CKzrrb7E_0.avi,RWF-2000,CKzrrb7E_0,train,nonviolence
..\data\raw\rwf2000\train\Train_NonFight\cLsPLNQn_0.avi,RWF-2000,cLsPLNQn_0,train,nonviolence
..\data\raw\rwf2000\train\Train_NonFight\cPeNUm31_0.avi,RWF-2000,cPeNUm31_0,train,nonviolence
..\data\raw\rwf2000\train\Train_NonFight\CPGf41PN_0.avi,RWF-2000,CPGf41PN_0,train,nonviolence
..\data\raw\rwf2000\train\Train_NonFight\CqJB8ZWLZ-o_0.avi,RWF-2000,CqJB8ZWLZ-o_0,train,nonviolence
..\data\raw\rwf2000\train\Train_NonFight\CqJB8ZWLZ-o_1.avi,RWF-2000,CqJB8ZWLZ-o_1,train,nonviolence
..\data\raw\rwf2000\train\Train_NonFight\CqJB8ZWLZ-o_2.avi,RWF-2000,CqJB8ZWLZ-o_2,train,nonviolence
..\data\raw\rwf2000\train\Train_NonFight\CqJB8ZWLZ-o_3.avi,RWF-2000,CqJB8ZWLZ-o_3,train,nonviolence
..\data\raw\rwf2000\train\Train_NonFight\cqP8OyUh_0.avi,RWF-2000,cqP8OyUh_0,train,nonviolence
..\data\raw\rwf2000\train\Train_NonFight\cURNFrn5_0.avi,RWF-2000,cURNFrn5_0,train,nonviolence
..\data\raw\rwf2000\train\Train_NonFight\cVYo5yT2_0.avi,RWF-2000,cVYo5yT2_0,train,nonviolence
..\data\raw\rwf2000\train\Train_NonFight\cWJ92fkhME4_0.avi,RWF-2000,cWJ92fkhME4_0,train,nonviolence
..\data\raw\rwf2000\train\Train_NonFight\cwLtq5Y3_0.avi,RWF-2000,cwLtq5Y3_0,train,nonviolence
..\data\raw\rwf2000\train\Train_NonFight\d1b2n9qX_0.avi,RWF-2000,d1b2n9qX_0,train,nonviolence
..\data\raw\rwf2000\train\Train_NonFight\d3WwO8eM_0.avi,RWF-2000,d3WwO8eM_0,train,nonviolence
..\data\raw\rwf2000\train\Train_NonFight\D6cjNRiP_0.avi,RWF-2000,D6cjNRiP_0,train,nonviolence
..\data\raw\rwf2000\train\Train_NonFight\DAMfrqpC_0.avi,RWF-2000,DAMfrqpC_0,train,nonviolence
..\data\raw\rwf2000\train\Train_NonFight\dBllnaSKVfQ_0.avi,RWF-2000,dBllnaSKVfQ_0,train,nonviolence
..\data\raw\rwf2000\train\Train_NonFight\dDNWfVPw_0.avi,RWF-2000,dDNWfVPw_0,train,nonviolence
..\data\raw\rwf2000\train\Train_NonFight\DIsQwAdR8MI_0.avi,RWF-2000,DIsQwAdR8MI_0,train,nonviolence
..\data\raw\rwf2000\train\Train_NonFight\DjLWv5mr_0.avi,RWF-2000,DjLWv5mr_0,train,nonviolence
..\data\raw\rwf2000\train\Train_NonFight\dkTzP0SB_0.avi,RWF-2000,dkTzP0SB_0,train,nonviolence
..\data\raw\rwf2000\train\Train_NonFight\DL2gWMZA_0.avi,RWF-2000,DL2gWMZA_0,train,nonviolence
..\data\raw\rwf2000\train\Train_NonFight\dNDOYLTf_0.avi,RWF-2000,dNDOYLTf_0,train,nonviolence
..\data\raw\rwf2000\train\Train_NonFight\dOM7frJMFbc_0.avi,RWF-2000,dOM7frJMFbc_0,train,nonviolence
..\data\raw\rwf2000\train\Train_NonFight\dOM7frJMFbc_1.avi,RWF-2000,dOM7frJMFbc_1,train,nonviolence
..\data\raw\rwf2000\train\Train_NonFight\dOM7frJMFbc_2.avi,RWF-2000,dOM7frJMFbc_2,train,nonviolence
..\data\raw\rwf2000\train\Train_NonFight\dOM7frJMFbc_3.avi,RWF-2000,dOM7frJMFbc_3,train,nonviolence
..\data\raw\rwf2000\train\Train_NonFight\dOo2X5wR_0.avi,RWF-2000,dOo2X5wR_0,train,nonviolence
..\data\raw\rwf2000\train\Train_NonFight\dP20avzQAf8_0.avi,RWF-2000,dP20avzQAf8_0,train,nonviolence
..\data\raw\rwf2000\train\Train_NonFight\dPV9BZrq_0.avi,RWF-2000,dPV9BZrq_0,train,nonviolence
..\data\raw\rwf2000\train\Train_NonFight\DrKgJwIv_0.avi,RWF-2000,DrKgJwIv_0,train,nonviolence
..\data\raw\rwf2000\train\Train_NonFight\dRlBBYvf_0.avi,RWF-2000,dRlBBYvf_0,train,nonviolence
..\data\raw\rwf2000\train\Train_NonFight\DRlOjUNi_0.avi,RWF-2000,DRlOjUNi_0,train,nonviolence
..\data\raw\rwf2000\train\Train_NonFight\dt8YUGoOSgQ_0.avi,RWF-2000,dt8YUGoOSgQ_0,train,nonviolence
..\data\raw\rwf2000\train\Train_NonFight\dt8YUGoOSgQ_1.avi,RWF-2000,dt8YUGoOSgQ_1,train,nonviolence
..\data\raw\rwf2000\train\Train_NonFight\DThokDTW_0.avi,RWF-2000,DThokDTW_0,train,nonviolence
..\data\raw\rwf2000\train\Train_NonFight\DTq6Gu30-uA_0.avi,RWF-2000,DTq6Gu30-uA_0,train,nonviolence
..\data\raw\rwf2000\train\Train_NonFight\DTq6Gu30-uA_1.avi,RWF-2000,DTq6Gu30-uA_1,train,nonviolence
..\data\raw\rwf2000\train\Train_NonFight\DTq6Gu30-uA_2.avi,RWF-2000,DTq6Gu30-uA_2,train,nonviolence
..\data\raw\rwf2000\train\Train_NonFight\DWEBHWM9_0.avi,RWF-2000,DWEBHWM9_0,train,nonviolence
..\data\raw\rwf2000\train\Train_NonFight\DX5wwFlF_0.avi,RWF-2000,DX5wwFlF_0,train,nonviolence
..\data\raw\rwf2000\train\Train_NonFight\DZdLP0rd_0.avi,RWF-2000,DZdLP0rd_0,train,nonviolence
..\data\raw\rwf2000\train\Train_NonFight\d_93UNyiVM4_0.avi,RWF-2000,d_93UNyiVM4_0,train,nonviolence
..\data\raw\rwf2000\train\Train_NonFight\d_93UNyiVM4_1.avi,RWF-2000,d_93UNyiVM4_1,train,nonviolence
..\data\raw\rwf2000\train\Train_NonFight\E0Huf4Qi0JE_0.avi,RWF-2000,E0Huf4Qi0JE_0,train,nonviolence
..\data\raw\rwf2000\train\Train_NonFight\E0rUpvbX_0.avi,RWF-2000,E0rUpvbX_0,train,nonviolence
..\data\raw\rwf2000\train\Train_NonFight\E2gqgFNyPL8_0.avi,RWF-2000,E2gqgFNyPL8_0,train,nonviolence
..\data\raw\rwf2000\train\Train_NonFight\E2gqgFNyPL8_1.avi,RWF-2000,E2gqgFNyPL8_1,train,nonviolence
..\data\raw\rwf2000\train\Train_NonFight\E2gqgFNyPL8_2.avi,RWF-2000,E2gqgFNyPL8_2,train,nonviolence
..\data\raw\rwf2000\train\Train_NonFight\e4U3gEDEB58_0.avi,RWF-2000,e4U3gEDEB58_0,train,nonviolence
..\data\raw\rwf2000\train\Train_NonFight\e6iHy7V5_0.avi,RWF-2000,e6iHy7V5_0,train,nonviolence
..\data\raw\rwf2000\train\Train_NonFight\e7tarNsO_0.avi,RWF-2000,e7tarNsO_0,train,nonviolence
..\data\raw\rwf2000\train\Train_NonFight\EBwt3Thb_0.avi,RWF-2000,EBwt3Thb_0,train,nonviolence
..\data\raw\rwf2000\train\Train_NonFight\EckGCByW_0.avi,RWF-2000,EckGCByW_0,train,nonviolence
..\data\raw\rwf2000\train\Train_NonFight\EDaOod1H_0.avi,RWF-2000,EDaOod1H_0,train,nonviolence
..\data\raw\rwf2000\train\Train_NonFight\eF5S8iGLAm4_0.avi,RWF-2000,eF5S8iGLAm4_0,train,nonviolence
..\data\raw\rwf2000\train\Train_NonFight\eF5S8iGLAm4_1.avi,RWF-2000,eF5S8iGLAm4_1,train,nonviolence
..\data\raw\rwf2000\train\Train_NonFight\EGhykgb4_0.avi,RWF-2000,EGhykgb4_0,train,nonviolence
..\data\raw\rwf2000\train\Train_NonFight\EizIwdII_0.avi,RWF-2000,EizIwdII_0,train,nonviolence
..\data\raw\rwf2000\train\Train_NonFight\ELL0jBUP_0.avi,RWF-2000,ELL0jBUP_0,train,nonviolence
..\data\raw\rwf2000\train\Train_NonFight\emGsAcqs_0.avi,RWF-2000,emGsAcqs_0,train,nonviolence
..\data\raw\rwf2000\train\Train_NonFight\eNoGYdL1_0.avi,RWF-2000,eNoGYdL1_0,train,nonviolence
..\data\raw\rwf2000\train\Train_NonFight\ep1_I0f-u7g_0.avi,RWF-2000,ep1_I0f-u7g_0,train,nonviolence
..\data\raw\rwf2000\train\Train_NonFight\ep1_I0f-u7g_1.avi,RWF-2000,ep1_I0f-u7g_1,train,nonviolence
..\data\raw\rwf2000\train\Train_NonFight\EUgjFWbm_0.avi,RWF-2000,EUgjFWbm_0,train,nonviolence
..\data\raw\rwf2000\train\Train_NonFight\eUtGwBik_0.avi,RWF-2000,eUtGwBik_0,train,nonviolence
..\data\raw\rwf2000\train\Train_NonFight\ev8va5uR_0.avi,RWF-2000,ev8va5uR_0,train,nonviolence
..\data\raw\rwf2000\train\Train_NonFight\f50PQz7mXds_0.avi,RWF-2000,f50PQz7mXds_0,train,nonviolence
..\data\raw\rwf2000\train\Train_NonFight\f50PQz7mXds_1.avi,RWF-2000,f50PQz7mXds_1,train,nonviolence
..\data\raw\rwf2000\train\Train_NonFight\F7W6PQ3V3y8_0.avi,RWF-2000,F7W6PQ3V3y8_0,train,nonviolence
..\data\raw\rwf2000\train\Train_NonFight\F7W6PQ3V3y8_1.avi,RWF-2000,F7W6PQ3V3y8_1,train,nonviolence
..\data\raw\rwf2000\train\Train_NonFight\F7W6PQ3V3y8_2.avi,RWF-2000,F7W6PQ3V3y8_2,train,nonviolence
..\data\raw\rwf2000\train\Train_NonFight\F7W6PQ3V3y8_3.avi,RWF-2000,F7W6PQ3V3y8_3,train,nonviolence
..\data\raw\rwf2000\train\Train_NonFight\f9jcrHqO_0.avi,RWF-2000,f9jcrHqO_0,train,nonviolence
..\data\raw\rwf2000\train\Train_NonFight\FB3eqRE8_0.avi,RWF-2000,FB3eqRE8_0,train,nonviolence
..\data\raw\rwf2000\train\Train_NonFight\fBwfFDcgJlk_0.avi,RWF-2000,fBwfFDcgJlk_0,train,nonviolence
..\data\raw\rwf2000\train\Train_NonFight\fBwfFDcgJlk_1.avi,RWF-2000,fBwfFDcgJlk_1,train,nonviolence
..\data\raw\rwf2000\train\Train_NonFight\fHOVzWgX_0.avi,RWF-2000,fHOVzWgX_0,train,nonviolence
..\data\raw\rwf2000\train\Train_NonFight\Fighting014_x264_0.avi,RWF-2000,Fighting014_x264_0,train,nonviolence
..\data\raw\rwf2000\train\Train_NonFight\Fighting014_x264_1.avi,RWF-2000,Fighting014_x264_1,train,nonviolence
..\data\raw\rwf2000\train\Train_NonFight\fJkWWpNB_0.avi,RWF-2000,fJkWWpNB_0,train,nonviolence
..\data\raw\rwf2000\train\Train_NonFight\fJMvC8TV_0.avi,RWF-2000,fJMvC8TV_0,train,nonviolence
..\data\raw\rwf2000\train\Train_NonFight\Fk3lg4wG_0.avi,RWF-2000,Fk3lg4wG_0,train,nonviolence
..\data\raw\rwf2000\train\Train_NonFight\FKl98mfo_0.avi,RWF-2000,FKl98mfo_0,train,nonviolence
..\data\raw\rwf2000\train\Train_NonFight\fMmvH1Fa_0.avi,RWF-2000,fMmvH1Fa_0,train,nonviolence
..\data\raw\rwf2000\train\Train_NonFight\Fn4sSVbO_0.avi,RWF-2000,Fn4sSVbO_0,train,nonviolence
..\data\raw\rwf2000\train\Train_NonFight\fNy9LoED_0.avi,RWF-2000,fNy9LoED_0,train,nonviolence
..\data\raw\rwf2000\train\Train_NonFight\FPU7QpO4_0.avi,RWF-2000,FPU7QpO4_0,train,nonviolence
..\data\raw\rwf2000\train\Train_NonFight\FrwBev61_0.avi,RWF-2000,FrwBev61_0,train,nonviolence
..\data\raw\rwf2000\train\Train_NonFight\FSaZ8wiFw8Q_0.avi,RWF-2000,FSaZ8wiFw8Q_0,train,nonviolence
..\data\raw\rwf2000\train\Train_NonFight\fvtpgsrF_0.avi,RWF-2000,fvtpgsrF_0,train,nonviolence
..\data\raw\rwf2000\train\Train_NonFight\fwEk96k8g_I_0.avi,RWF-2000,fwEk96k8g_I_0,train,nonviolence
..\data\raw\rwf2000\train\Train_NonFight\fwEk96k8g_I_1.avi,RWF-2000,fwEk96k8g_I_1,train,nonviolence
..\data\raw\rwf2000\train\Train_NonFight\FWsNU4WI_0.avi,RWF-2000,FWsNU4WI_0,train,nonviolence
..\data\raw\rwf2000\train\Train_NonFight\FZDDNtcaBcw_0.avi,RWF-2000,FZDDNtcaBcw_0,train,nonviolence
..\data\raw\rwf2000\train\Train_NonFight\G0rgy9Ts_0.avi,RWF-2000,G0rgy9Ts_0,train,nonviolence
..\data\raw\rwf2000\train\Train_NonFight\g3QdfSDk_0.avi,RWF-2000,g3QdfSDk_0,train,nonviolence
..\data\raw\rwf2000\train\Train_NonFight\g9nMwbpZ_0.avi,RWF-2000,g9nMwbpZ_0,train,nonviolence
..\data\raw\rwf2000\train\Train_NonFight\G9uNZGcK_0.avi,RWF-2000,G9uNZGcK_0,train,nonviolence
..\data\raw\rwf2000\train\Train_NonFight\gAFkygeJ_0.avi,RWF-2000,gAFkygeJ_0,train,nonviolence
..\data\raw\rwf2000\train\Train_NonFight\gBBRxXBI_0.avi,RWF-2000,gBBRxXBI_0,train,nonviolence
..\data\raw\rwf2000\train\Train_NonFight\gDeDWPVe_0.avi,RWF-2000,gDeDWPVe_0,train,nonviolence
..\data\raw\rwf2000\train\Train_NonFight\gEODOSeI_0.avi,RWF-2000,gEODOSeI_0,train,nonviolence
..\data\raw\rwf2000\train\Train_NonFight\GgT095uX_0.avi,RWF-2000,GgT095uX_0,train,nonviolence
..\data\raw\rwf2000\train\Train_NonFight\gHcG_c1i4uE_0.avi,RWF-2000,gHcG_c1i4uE_0,train,nonviolence
..\data\raw\rwf2000\train\Train_NonFight\gHcG_c1i4uE_1.avi,RWF-2000,gHcG_c1i4uE_1,train,nonviolence
..\data\raw\rwf2000\train\Train_NonFight\GhZRf4GIw0w_0.avi,RWF-2000,GhZRf4GIw0w_0,train,nonviolence
..\data\raw\rwf2000\train\Train_NonFight\gI4u3PwG_0.avi,RWF-2000,gI4u3PwG_0,train,nonviolence
..\data\raw\rwf2000\train\Train_NonFight\gJDvtfRrM7k_0.avi,RWF-2000,gJDvtfRrM7k_0,train,nonviolence
..\data\raw\rwf2000\train\Train_NonFight\gk0v57Xn_0.avi,RWF-2000,gk0v57Xn_0,train,nonviolence
..\data\raw\rwf2000\train\Train_NonFight\GL9jSSxg_0.avi,RWF-2000,GL9jSSxg_0,train,nonviolence
..\data\raw\rwf2000\train\Train_NonFight\gNUhUpxZ_0.avi,RWF-2000,gNUhUpxZ_0,train,nonviolence
..\data\raw\rwf2000\train\Train_NonFight\GodUly2k_0.avi,RWF-2000,GodUly2k_0,train,nonviolence
..\data\raw\rwf2000\train\Train_NonFight\golJWJCak1k_0.avi,RWF-2000,golJWJCak1k_0,train,nonviolence
..\data\raw\rwf2000\train\Train_NonFight\golJWJCak1k_1.avi,RWF-2000,golJWJCak1k_1,train,nonviolence
..\data\raw\rwf2000\train\Train_NonFight\GqDA8E4j_0.avi,RWF-2000,GqDA8E4j_0,train,nonviolence
..\data\raw\rwf2000\train\Train_NonFight\Gr3ikl6A2bE_0.avi,RWF-2000,Gr3ikl6A2bE_0,train,nonviolence
..\data\raw\rwf2000\train\Train_NonFight\gR4OsEPl894_0.avi,RWF-2000,gR4OsEPl894_0,train,nonviolence
..\data\raw\rwf2000\train\Train_NonFight\gR4OsEPl894_1.avi,RWF-2000,gR4OsEPl894_1,train,nonviolence
..\data\raw\rwf2000\train\Train_NonFight\gR4OsEPl894_2.avi,RWF-2000,gR4OsEPl894_2,train,nonviolence
..\data\raw\rwf2000\train\Train_NonFight\gR4OsEPl894_3.avi,RWF-2000,gR4OsEPl894_3,train,nonviolence
..\data\raw\rwf2000\train\Train_NonFight\grxri53x_0.avi,RWF-2000,grxri53x_0,train,nonviolence
..\data\raw\rwf2000\train\Train_NonFight\gSmdNZya_0.avi,RWF-2000,gSmdNZya_0,train,nonviolence
..\data\raw\rwf2000\train\Train_NonFight\gUYfrLHe_0.avi,RWF-2000,gUYfrLHe_0,train,nonviolence
..\data\raw\rwf2000\train\Train_NonFight\GVdnjHyU_0.avi,RWF-2000,GVdnjHyU_0,train,nonviolence
..\data\raw\rwf2000\train\Train_NonFight\gzozjcrr_0.avi,RWF-2000,gzozjcrr_0,train,nonviolence
..\data\raw\rwf2000\train\Train_NonFight\GzPhV725_0.avi,RWF-2000,GzPhV725_0,train,nonviolence
..\data\raw\rwf2000\train\Train_NonFight\gzrwD4E5_0.avi,RWF-2000,gzrwD4E5_0,train,nonviolence
..\data\raw\rwf2000\train\Train_NonFight\GZWxDB1c_0.avi,RWF-2000,GZWxDB1c_0,train,nonviolence
..\data\raw\rwf2000\train\Train_NonFight\H1AzC-GyKto_0.avi,RWF-2000,H1AzC-GyKto_0,train,nonviolence
..\data\raw\rwf2000\train\Train_NonFight\H1AzC-GyKto_1.avi,RWF-2000,H1AzC-GyKto_1,train,nonviolence
..\data\raw\rwf2000\train\Train_NonFight\H1AzC-GyKto_2.avi,RWF-2000,H1AzC-GyKto_2,train,nonviolence
..\data\raw\rwf2000\train\Train_NonFight\H1AzC-GyKto_3.avi,RWF-2000,H1AzC-GyKto_3,train,nonviolence
..\data\raw\rwf2000\train\Train_NonFight\H68yvSdp_0.avi,RWF-2000,H68yvSdp_0,train,nonviolence
..\data\raw\rwf2000\train\Train_NonFight\HAh9eqtO_0.avi,RWF-2000,HAh9eqtO_0,train,nonviolence
..\data\raw\rwf2000\train\Train_NonFight\HAoCHqFV_0.avi,RWF-2000,HAoCHqFV_0,train,nonviolence
..\data\raw\rwf2000\train\Train_NonFight\HbfZYAXw_0.avi,RWF-2000,HbfZYAXw_0,train,nonviolence
..\data\raw\rwf2000\train\Train_NonFight\hbTlgnTw_0.avi,RWF-2000,hbTlgnTw_0,train,nonviolence
..\data\raw\rwf2000\train\Train_NonFight\HG8xQFSd_0.avi,RWF-2000,HG8xQFSd_0,train,nonviolence
..\data\raw\rwf2000\train\Train_NonFight\hgMpDK55_0.avi,RWF-2000,hgMpDK55_0,train,nonviolence
..\data\raw\rwf2000\train\Train_NonFight\HodGUj8s_0.avi,RWF-2000,HodGUj8s_0,train,nonviolence
..\data\raw\rwf2000\train\Train_NonFight\hP8CJJcx_0.avi,RWF-2000,hP8CJJcx_0,train,nonviolence
..\data\raw\rwf2000\train\Train_NonFight\hrBh5x_3hW0_0.avi,RWF-2000,hrBh5x_3hW0_0,train,nonviolence
..\data\raw\rwf2000\train\Train_NonFight\hrBh5x_3hW0_1.avi,RWF-2000,hrBh5x_3hW0_1,train,nonviolence
..\data\raw\rwf2000\train\Train_NonFight\Hsvzcq2l_0.avi,RWF-2000,Hsvzcq2l_0,train,nonviolence
..\data\raw\rwf2000\train\Train_NonFight\HUuRelBW_0.avi,RWF-2000,HUuRelBW_0,train,nonviolence
..\data\raw\rwf2000\train\Train_NonFight\HvfhYJ8b_0.avi,RWF-2000,HvfhYJ8b_0,train,nonviolence
..\data\raw\rwf2000\train\Train_NonFight\HVRUChVh_0.avi,RWF-2000,HVRUChVh_0,train,nonviolence
..\data\raw\rwf2000\train\Train_NonFight\HVSv9sgz2ZI_0.avi,RWF-2000,HVSv9sgz2ZI_0,train,nonviolence
..\data\raw\rwf2000\train\Train_NonFight\HVSv9sgz2ZI_1.avi,RWF-2000,HVSv9sgz2ZI_1,train,nonviolence
..\data\raw\rwf2000\train\Train_NonFight\HVSv9sgz2ZI_2.avi,RWF-2000,HVSv9sgz2ZI_2,train,nonviolence
..\data\raw\rwf2000\train\Train_NonFight\HVSv9sgz2ZI_3.avi,RWF-2000,HVSv9sgz2ZI_3,train,nonviolence
..\data\raw\rwf2000\train\Train_NonFight\HW48LUZKOL4_0.avi,RWF-2000,HW48LUZKOL4_0,train,nonviolence
..\data\raw\rwf2000\train\Train_NonFight\HW48LUZKOL4_1.avi,RWF-2000,HW48LUZKOL4_1,train,nonviolence
..\data\raw\rwf2000\train\Train_NonFight\HW48LUZKOL4_2.avi,RWF-2000,HW48LUZKOL4_2,train,nonviolence
..\data\raw\rwf2000\train\Train_NonFight\HW48LUZKOL4_3.avi,RWF-2000,HW48LUZKOL4_3,train,nonviolence
..\data\raw\rwf2000\train\Train_NonFight\hWBjrqFS_0.avi,RWF-2000,hWBjrqFS_0,train,nonviolence
..\data\raw\rwf2000\train\Train_NonFight\HYkbCvPj_0.avi,RWF-2000,HYkbCvPj_0,train,nonviolence
..\data\raw\rwf2000\train\Train_NonFight\H_VQJU0Bqpc_0.avi,RWF-2000,H_VQJU0Bqpc_0,train,nonviolence
..\data\raw\rwf2000\train\Train_NonFight\H_VQJU0Bqpc_1.avi,RWF-2000,H_VQJU0Bqpc_1,train,nonviolence
..\data\raw\rwf2000\train\Train_NonFight\H_VQJU0Bqpc_2.avi,RWF-2000,H_VQJU0Bqpc_2,train,nonviolence
..\data\raw\rwf2000\train\Train_NonFight\H_VQJU0Bqpc_3.avi,RWF-2000,H_VQJU0Bqpc_3,train,nonviolence
..\data\raw\rwf2000\train\Train_NonFight\I-x0G5pAan0_0.avi,RWF-2000,I-x0G5pAan0_0,train,nonviolence
..\data\raw\rwf2000\train\Train_NonFight\I-x0G5pAan0_1.avi,RWF-2000,I-x0G5pAan0_1,train,nonviolence
..\data\raw\rwf2000\train\Train_NonFight\i2sLegg2JPA_0.avi,RWF-2000,i2sLegg2JPA_0,train,nonviolence
..\data\raw\rwf2000\train\Train_NonFight\i2sLegg2JPA_1.avi,RWF-2000,i2sLegg2JPA_1,train,nonviolence
..\data\raw\rwf2000\train\Train_NonFight\i4OubIZo_0.avi,RWF-2000,i4OubIZo_0,train,nonviolence
..\data\raw\rwf2000\train\Train_NonFight\i5xJxtv4gXs_0.avi,RWF-2000,i5xJxtv4gXs_0,train,nonviolence
..\data\raw\rwf2000\train\Train_NonFight\i5xJxtv4gXs_1.avi,RWF-2000,i5xJxtv4gXs_1,train,nonviolence
..\data\raw\rwf2000\train\Train_NonFight\i5xJxtv4gXs_2.avi,RWF-2000,i5xJxtv4gXs_2,train,nonviolence
..\data\raw\rwf2000\train\Train_NonFight\i7MJRWrW_0.avi,RWF-2000,i7MJRWrW_0,train,nonviolence
..\data\raw\rwf2000\train\Train_NonFight\I7u5I8Oa_0.avi,RWF-2000,I7u5I8Oa_0,train,nonviolence
..\data\raw\rwf2000\train\Train_NonFight\IGCZWiP8_0.avi,RWF-2000,IGCZWiP8_0,train,nonviolence
..\data\raw\rwf2000\train\Train_NonFight\iki0PAvq_0.avi,RWF-2000,iki0PAvq_0,train,nonviolence
..\data\raw\rwf2000\train\Train_NonFight\iqAmk7ES_0.avi,RWF-2000,iqAmk7ES_0,train,nonviolence
..\data\raw\rwf2000\train\Train_NonFight\iquSbj5Wqj0_0.avi,RWF-2000,iquSbj5Wqj0_0,train,nonviolence
..\data\raw\rwf2000\train\Train_NonFight\iRnSE1TL_0.avi,RWF-2000,iRnSE1TL_0,train,nonviolence
..\data\raw\rwf2000\train\Train_NonFight\Isob76kh_0.avi,RWF-2000,Isob76kh_0,train,nonviolence
..\data\raw\rwf2000\train\Train_NonFight\iTs901V6_0.avi,RWF-2000,iTs901V6_0,train,nonviolence
..\data\raw\rwf2000\train\Train_NonFight\itstEXVr_0.avi,RWF-2000,itstEXVr_0,train,nonviolence
..\data\raw\rwf2000\train\Train_NonFight\IynvwHe9W3U_0.avi,RWF-2000,IynvwHe9W3U_0,train,nonviolence
..\data\raw\rwf2000\train\Train_NonFight\IynvwHe9W3U_1.avi,RWF-2000,IynvwHe9W3U_1,train,nonviolence
..\data\raw\rwf2000\train\Train_NonFight\IynvwHe9W3U_2.avi,RWF-2000,IynvwHe9W3U_2,train,nonviolence
..\data\raw\rwf2000\train\Train_NonFight\IynvwHe9W3U_3.avi,RWF-2000,IynvwHe9W3U_3,train,nonviolence
..\data\raw\rwf2000\train\Train_NonFight\J2Am3J0z_0.avi,RWF-2000,J2Am3J0z_0,train,nonviolence
..\data\raw\rwf2000\train\Train_NonFight\J2rsCgMC_0.avi,RWF-2000,J2rsCgMC_0,train,nonviolence
..\data\raw\rwf2000\train\Train_NonFight\j83up7ni_0.avi,RWF-2000,j83up7ni_0,train,nonviolence
..\data\raw\rwf2000\train\Train_NonFight\JBRqNBaP_0.avi,RWF-2000,JBRqNBaP_0,train,nonviolence
..\data\raw\rwf2000\train\Train_NonFight\jbSCSexU_0.avi,RWF-2000,jbSCSexU_0,train,nonviolence
..\data\raw\rwf2000\train\Train_NonFight\JD9JJbiJ_0.avi,RWF-2000,JD9JJbiJ_0,train,nonviolence
..\data\raw\rwf2000\train\Train_NonFight\jgjAKGZW_0.avi,RWF-2000,jgjAKGZW_0,train,nonviolence
..\data\raw\rwf2000\train\Train_NonFight\JgXAUoyJ_0.avi,RWF-2000,JgXAUoyJ_0,train,nonviolence
..\data\raw\rwf2000\train\Train_NonFight\jILBnY3lB2Q_0.avi,RWF-2000,jILBnY3lB2Q_0,train,nonviolence
..\data\raw\rwf2000\train\Train_NonFight\jILBnY3lB2Q_1.avi,RWF-2000,jILBnY3lB2Q_1,train,nonviolence
..\data\raw\rwf2000\train\Train_NonFight\jILBnY3lB2Q_2.avi,RWF-2000,jILBnY3lB2Q_2,train,nonviolence
..\data\raw\rwf2000\train\Train_NonFight\jILBnY3lB2Q_3.avi,RWF-2000,jILBnY3lB2Q_3,train,nonviolence
..\data\raw\rwf2000\train\Train_NonFight\jj9SJGft_0.avi,RWF-2000,jj9SJGft_0,train,nonviolence
..\data\raw\rwf2000\train\Train_NonFight\jOZLjdSi_0.avi,RWF-2000,jOZLjdSi_0,train,nonviolence
..\data\raw\rwf2000\train\Train_NonFight\JPIeYvRgo6I_0.avi,RWF-2000,JPIeYvRgo6I_0,train,nonviolence
..\data\raw\rwf2000\train\Train_NonFight\JPIeYvRgo6I_1.avi,RWF-2000,JPIeYvRgo6I_1,train,nonviolence
..\data\raw\rwf2000\train\Train_NonFight\JPIeYvRgo6I_2.avi,RWF-2000,JPIeYvRgo6I_2,train,nonviolence
..\data\raw\rwf2000\train\Train_NonFight\JPMLt2ZH_0.avi,RWF-2000,JPMLt2ZH_0,train,nonviolence
..\data\raw\rwf2000\train\Train_NonFight\jR91oXYV_0.avi,RWF-2000,jR91oXYV_0,train,nonviolence
..\data\raw\rwf2000\train\Train_NonFight\JsjF2OSJ_0.avi,RWF-2000,JsjF2OSJ_0,train,nonviolence
..\data\raw\rwf2000\train\Train_NonFight\jTbvVbkUaPM_0.avi,RWF-2000,jTbvVbkUaPM_0,train,nonviolence
..\data\raw\rwf2000\train\Train_NonFight\jTbvVbkUaPM_1.avi,RWF-2000,jTbvVbkUaPM_1,train,nonviolence
..\data\raw\rwf2000\train\Train_NonFight\jTbvVbkUaPM_2.avi,RWF-2000,jTbvVbkUaPM_2,train,nonviolence
..\data\raw\rwf2000\train\Train_NonFight\JwfajujK_0.avi,RWF-2000,JwfajujK_0,train,nonviolence
..\data\raw\rwf2000\train\Train_NonFight\JWFfsHEG_0.avi,RWF-2000,JWFfsHEG_0,train,nonviolence
..\data\raw\rwf2000\train\Train_NonFight\JwTPruSFTjk_0.avi,RWF-2000,JwTPruSFTjk_0,train,nonviolence
..\data\raw\rwf2000\train\Train_NonFight\JwTPruSFTjk_1.avi,RWF-2000,JwTPruSFTjk_1,train,nonviolence
..\data\raw\rwf2000\train\Train_NonFight\JxpNuQop_0.avi,RWF-2000,JxpNuQop_0,train,nonviolence
..\data\raw\rwf2000\train\Train_NonFight\jXrwQsZJ_0.avi,RWF-2000,jXrwQsZJ_0,train,nonviolence
..\data\raw\rwf2000\train\Train_NonFight\K4700BuM_0.avi,RWF-2000,K4700BuM_0,train,nonviolence
..\data\raw\rwf2000\train\Train_NonFight\kB9NYpu1_0.avi,RWF-2000,kB9NYpu1_0,train,nonviolence
..\data\raw\rwf2000\train\Train_NonFight\kBSHDWaGFyc_0.avi,RWF-2000,kBSHDWaGFyc_0,train,nonviolence
..\data\raw\rwf2000\train\Train_NonFight\KDOVTf7T_0.avi,RWF-2000,KDOVTf7T_0,train,nonviolence
..\data\raw\rwf2000\train\Train_NonFight\kExp3yhspR0_0.avi,RWF-2000,kExp3yhspR0_0,train,nonviolence
..\data\raw\rwf2000\train\Train_NonFight\kExp3yhspR0_1.avi,RWF-2000,kExp3yhspR0_1,train,nonviolence
..\data\raw\rwf2000\train\Train_NonFight\kExp3yhspR0_2.avi,RWF-2000,kExp3yhspR0_2,train,nonviolence
..\data\raw\rwf2000\train\Train_NonFight\kFbpQrq2_0.avi,RWF-2000,kFbpQrq2_0,train,nonviolence
..\data\raw\rwf2000\train\Train_NonFight\KklEipxk_0.avi,RWF-2000,KklEipxk_0,train,nonviolence
..\data\raw\rwf2000\train\Train_NonFight\KLEwMKTN_0.avi,RWF-2000,KLEwMKTN_0,train,nonviolence
..\data\raw\rwf2000\train\Train_NonFight\kLHNW0uRutY_0.avi,RWF-2000,kLHNW0uRutY_0,train,nonviolence
..\data\raw\rwf2000\train\Train_NonFight\Km94kW0O_0.avi,RWF-2000,Km94kW0O_0,train,nonviolence
..\data\raw\rwf2000\train\Train_NonFight\kMI2JME3Aag_0.avi,RWF-2000,kMI2JME3Aag_0,train,nonviolence
..\data\raw\rwf2000\train\Train_NonFight\kMI2JME3Aag_1.avi,RWF-2000,kMI2JME3Aag_1,train,nonviolence
..\data\raw\rwf2000\train\Train_NonFight\kMI2JME3Aag_2.avi,RWF-2000,kMI2JME3Aag_2,train,nonviolence
..\data\raw\rwf2000\train\Train_NonFight\kMI2JME3Aag_3.avi,RWF-2000,kMI2JME3Aag_3,train,nonviolence
..\data\raw\rwf2000\train\Train_NonFight\kMI2JME3Aag_4.avi,RWF-2000,kMI2JME3Aag_4,train,nonviolence
..\data\raw\rwf2000\train\Train_NonFight\KOaUqaC8_0.avi,RWF-2000,KOaUqaC8_0,train,nonviolence
..\data\raw\rwf2000\train\Train_NonFight\kOp57sQKMPY_0.avi,RWF-2000,kOp57sQKMPY_0,train,nonviolence
..\data\raw\rwf2000\train\Train_NonFight\kOp57sQKMPY_1.avi,RWF-2000,kOp57sQKMPY_1,train,nonviolence
..\data\raw\rwf2000\train\Train_NonFight\kOp57sQKMPY_2.avi,RWF-2000,kOp57sQKMPY_2,train,nonviolence
..\data\raw\rwf2000\train\Train_NonFight\KQTiHlA11fM_0.avi,RWF-2000,KQTiHlA11fM_0,train,nonviolence
..\data\raw\rwf2000\train\Train_NonFight\KQTiHlA11fM_1.avi,RWF-2000,KQTiHlA11fM_1,train,nonviolence
..\data\raw\rwf2000\train\Train_NonFight\KQTiHlA11fM_2.avi,RWF-2000,KQTiHlA11fM_2,train,nonviolence
..\data\raw\rwf2000\train\Train_NonFight\KQTiHlA11fM_3.avi,RWF-2000,KQTiHlA11fM_3,train,nonviolence
..\data\raw\rwf2000\train\Train_NonFight\KxOHVkVQ_0.avi,RWF-2000,KxOHVkVQ_0,train,nonviolence
..\data\raw\rwf2000\train\Train_NonFight\K_7hT4N2QCE_0.avi,RWF-2000,K_7hT4N2QCE_0,train,nonviolence
..\data\raw\rwf2000\train\Train_NonFight\l4gqDHx9_dI_0.avi,RWF-2000,l4gqDHx9_dI_0,train,nonviolence
..\data\raw\rwf2000\train\Train_NonFight\l4gqDHx9_dI_1.avi,RWF-2000,l4gqDHx9_dI_1,train,nonviolence
..\data\raw\rwf2000\train\Train_NonFight\L9tYVvJY_0.avi,RWF-2000,L9tYVvJY_0,train,nonviolence
..\data\raw\rwf2000\train\Train_NonFight\La60qonu_0.avi,RWF-2000,La60qonu_0,train,nonviolence
..\data\raw\rwf2000\train\Train_NonFight\La9lzohO_0.avi,RWF-2000,La9lzohO_0,train,nonviolence
..\data\raw\rwf2000\train\Train_NonFight\LbYQs9oA_0.avi,RWF-2000,LbYQs9oA_0,train,nonviolence
..\data\raw\rwf2000\train\Train_NonFight\lhxMVtH7_0.avi,RWF-2000,lhxMVtH7_0,train,nonviolence
..\data\raw\rwf2000\train\Train_NonFight\LiCakkNH_0.avi,RWF-2000,LiCakkNH_0,train,nonviolence
..\data\raw\rwf2000\train\Train_NonFight\ljLg4lFbS0Y_0.avi,RWF-2000,ljLg4lFbS0Y_0,train,nonviolence
..\data\raw\rwf2000\train\Train_NonFight\ljLg4lFbS0Y_1.avi,RWF-2000,ljLg4lFbS0Y_1,train,nonviolence
..\data\raw\rwf2000\train\Train_NonFight\LLo_TXIz5-g_0.avi,RWF-2000,LLo_TXIz5-g_0,train,nonviolence
..\data\raw\rwf2000\train\Train_NonFight\LLo_TXIz5-g_1.avi,RWF-2000,LLo_TXIz5-g_1,train,nonviolence
..\data\raw\rwf2000\train\Train_NonFight\lmfaDmCCRoY_0.avi,RWF-2000,lmfaDmCCRoY_0,train,nonviolence
..\data\raw\rwf2000\train\Train_NonFight\LMNJJere_0.avi,RWF-2000,LMNJJere_0,train,nonviolence
..\data\raw\rwf2000\train\Train_NonFight\lNAzMZFI_0.avi,RWF-2000,lNAzMZFI_0,train,nonviolence
..\data\raw\rwf2000\train\Train_NonFight\lQ39ffan_0.avi,RWF-2000,lQ39ffan_0,train,nonviolence
..\data\raw\rwf2000\train\Train_NonFight\LqW9A21g_0.avi,RWF-2000,LqW9A21g_0,train,nonviolence
..\data\raw\rwf2000\train\Train_NonFight\lS7tAuv0_0.avi,RWF-2000,lS7tAuv0_0,train,nonviolence
..\data\raw\rwf2000\train\Train_NonFight\LSJPhJTB_0.avi,RWF-2000,LSJPhJTB_0,train,nonviolence
..\data\raw\rwf2000\train\Train_NonFight\Lui5zaon_0.avi,RWF-2000,Lui5zaon_0,train,nonviolence
..\data\raw\rwf2000\train\Train_NonFight\lx4TN9dS_0.avi,RWF-2000,lx4TN9dS_0,train,nonviolence
..\data\raw\rwf2000\train\Train_NonFight\m3PZvVSL_0.avi,RWF-2000,m3PZvVSL_0,train,nonviolence
..\data\raw\rwf2000\train\Train_NonFight\M4syignQ_0.avi,RWF-2000,M4syignQ_0,train,nonviolence
..\data\raw\rwf2000\train\Train_NonFight\Ma1iva6R_0.avi,RWF-2000,Ma1iva6R_0,train,nonviolence
..\data\raw\rwf2000\train\Train_NonFight\MBxCX6pw_0.avi,RWF-2000,MBxCX6pw_0,train,nonviolence
..\data\raw\rwf2000\train\Train_NonFight\McDxnU7x_0.avi,RWF-2000,McDxnU7x_0,train,nonviolence
..\data\raw\rwf2000\train\Train_NonFight\mE9Cp4na_0.avi,RWF-2000,mE9Cp4na_0,train,nonviolence
..\data\raw\rwf2000\train\Train_NonFight\MhiGg6f7_0.avi,RWF-2000,MhiGg6f7_0,train,nonviolence
..\data\raw\rwf2000\train\Train_NonFight\MhVfgPWz_0.avi,RWF-2000,MhVfgPWz_0,train,nonviolence
..\data\raw\rwf2000\train\Train_NonFight\mHY487R6_0.avi,RWF-2000,mHY487R6_0,train,nonviolence
..\data\raw\rwf2000\train\Train_NonFight\MmUtpm6Z_0.avi,RWF-2000,MmUtpm6Z_0,train,nonviolence
..\data\raw\rwf2000\train\Train_NonFight\MOST Shocking CCTV footage (_TwPzPRK7dc)_0.avi,RWF-2000,MOST Shocking CCTV footage (_TwPzPRK7dc)_0,train,nonviolence
..\data\raw\rwf2000\train\Train_NonFight\MOST Shocking CCTV footage (_TwPzPRK7dc)_1.avi,RWF-2000,MOST Shocking CCTV footage (_TwPzPRK7dc)_1,train,nonviolence
..\data\raw\rwf2000\train\Train_NonFight\mRqg-WXiR7Q_0.avi,RWF-2000,mRqg-WXiR7Q_0,train,nonviolence
..\data\raw\rwf2000\train\Train_NonFight\muJDFQqbbmA_0.avi,RWF-2000,muJDFQqbbmA_0,train,nonviolence
..\data\raw\rwf2000\train\Train_NonFight\muJDFQqbbmA_1.avi,RWF-2000,muJDFQqbbmA_1,train,nonviolence
..\data\raw\rwf2000\train\Train_NonFight\Mv3d3zJy_0.avi,RWF-2000,Mv3d3zJy_0,train,nonviolence
..\data\raw\rwf2000\train\Train_NonFight\mVAv7aB5_0.avi,RWF-2000,mVAv7aB5_0,train,nonviolence
..\data\raw\rwf2000\train\Train_NonFight\MvYkXHIi_0.avi,RWF-2000,MvYkXHIi_0,train,nonviolence
..\data\raw\rwf2000\train\Train_NonFight\MwZvUQRO_0.avi,RWF-2000,MwZvUQRO_0,train,nonviolence
..\data\raw\rwf2000\train\Train_NonFight\mx0UXBFc_0.avi,RWF-2000,mx0UXBFc_0,train,nonviolence
..\data\raw\rwf2000\train\Train_NonFight\mX4cQM1xMFc_0.avi,RWF-2000,mX4cQM1xMFc_0,train,nonviolence
..\data\raw\rwf2000\train\Train_NonFight\MX77f2TD_0.avi,RWF-2000,MX77f2TD_0,train,nonviolence
..\data\raw\rwf2000\train\Train_NonFight\N1Q9v-saJ_g_0.avi,RWF-2000,N1Q9v-saJ_g_0,train,nonviolence
..\data\raw\rwf2000\train\Train_NonFight\ndNHBJbS_0.avi,RWF-2000,ndNHBJbS_0,train,nonviolence
..\data\raw\rwf2000\train\Train_NonFight\NEUya2Rr_0.avi,RWF-2000,NEUya2Rr_0,train,nonviolence
..\data\raw\rwf2000\train\Train_NonFight\niXRLeON_0.avi,RWF-2000,niXRLeON_0,train,nonviolence
..\data\raw\rwf2000\train\Train_NonFight\nj9Rc3lY_0.avi,RWF-2000,nj9Rc3lY_0,train,nonviolence
..\data\raw\rwf2000\train\Train_NonFight\NmNKzttk_0.avi,RWF-2000,NmNKzttk_0,train,nonviolence
..\data\raw\rwf2000\train\Train_NonFight\NPeKBgURcxI_0.avi,RWF-2000,NPeKBgURcxI_0,train,nonviolence
..\data\raw\rwf2000\train\Train_NonFight\NPeKBgURcxI_1.avi,RWF-2000,NPeKBgURcxI_1,train,nonviolence
..\data\raw\rwf2000\train\Train_NonFight\NPeKBgURcxI_2.avi,RWF-2000,NPeKBgURcxI_2,train,nonviolence
..\data\raw\rwf2000\train\Train_NonFight\NSdXEN1l_0.avi,RWF-2000,NSdXEN1l_0,train,nonviolence
..\data\raw\rwf2000\train\Train_NonFight\NvYo6CS_i_A_0.avi,RWF-2000,NvYo6CS_i_A_0,train,nonviolence
..\data\raw\rwf2000\train\Train_NonFight\NvYo6CS_i_A_1.avi,RWF-2000,NvYo6CS_i_A_1,train,nonviolence
..\data\raw\rwf2000\train\Train_NonFight\NxtwlqSnLbY_0.avi,RWF-2000,NxtwlqSnLbY_0,train,nonviolence
..\data\raw\rwf2000\train\Train_NonFight\NxtwlqSnLbY_1.avi,RWF-2000,NxtwlqSnLbY_1,train,nonviolence
..\data\raw\rwf2000\train\Train_NonFight\o8sEvktx_0.avi,RWF-2000,o8sEvktx_0,train,nonviolence
..\data\raw\rwf2000\train\Train_NonFight\oAeudqZD_0.avi,RWF-2000,oAeudqZD_0,train,nonviolence
..\data\raw\rwf2000\train\Train_NonFight\OAFsSiyX_0.avi,RWF-2000,OAFsSiyX_0,train,nonviolence
..\data\raw\rwf2000\train\Train_NonFight\OAfV0xPIhZw_0.avi,RWF-2000,OAfV0xPIhZw_0,train,nonviolence
..\data\raw\rwf2000\train\Train_NonFight\OAfV0xPIhZw_1.avi,RWF-2000,OAfV0xPIhZw_1,train,nonviolence
..\data\raw\rwf2000\train\Train_NonFight\OakN3f1N_0.avi,RWF-2000,OakN3f1N_0,train,nonviolence
..\data\raw\rwf2000\train\Train_NonFight\oByKgGBL_0.avi,RWF-2000,oByKgGBL_0,train,nonviolence
..\data\raw\rwf2000\train\Train_NonFight\OCseFRss_0.avi,RWF-2000,OCseFRss_0,train,nonviolence
..\data\raw\rwf2000\train\Train_NonFight\oDGm-DOOyI4_0.avi,RWF-2000,oDGm-DOOyI4_0,train,nonviolence
..\data\raw\rwf2000\train\Train_NonFight\oDGm-DOOyI4_1.avi,RWF-2000,oDGm-DOOyI4_1,train,nonviolence
..\data\raw\rwf2000\train\Train_NonFight\oDGm-DOOyI4_2.avi,RWF-2000,oDGm-DOOyI4_2,train,nonviolence
..\data\raw\rwf2000\train\Train_NonFight\oDWNiATJ_0.avi,RWF-2000,oDWNiATJ_0,train,nonviolence
..\data\raw\rwf2000\train\Train_NonFight\OdxnpEnn_0.avi,RWF-2000,OdxnpEnn_0,train,nonviolence
..\data\raw\rwf2000\train\Train_NonFight\OFwYyouR_0.avi,RWF-2000,OFwYyouR_0,train,nonviolence
..\data\raw\rwf2000\train\Train_NonFight\oG3Qxvq0_0.avi,RWF-2000,oG3Qxvq0_0,train,nonviolence
..\data\raw\rwf2000\train\Train_NonFight\oIEZ45OCmAw_0.avi,RWF-2000,oIEZ45OCmAw_0,train,nonviolence
..\data\raw\rwf2000\train\Train_NonFight\okA8k7rF_0.avi,RWF-2000,okA8k7rF_0,train,nonviolence
..\data\raw\rwf2000\train\Train_NonFight\oLs9ckoV_0.avi,RWF-2000,oLs9ckoV_0,train,nonviolence
..\data\raw\rwf2000\train\Train_NonFight\oMZpqizQ_0.avi,RWF-2000,oMZpqizQ_0,train,nonviolence
..\data\raw\rwf2000\train\Train_NonFight\on2HIPgB_0.avi,RWF-2000,on2HIPgB_0,train,nonviolence
..\data\raw\rwf2000\train\Train_NonFight\OTVE3eLAuUM_0.avi,RWF-2000,OTVE3eLAuUM_0,train,nonviolence
..\data\raw\rwf2000\train\Train_NonFight\OTVE3eLAuUM_1.avi,RWF-2000,OTVE3eLAuUM_1,train,nonviolence
..\data\raw\rwf2000\train\Train_NonFight\OTVE3eLAuUM_2.avi,RWF-2000,OTVE3eLAuUM_2,train,nonviolence
..\data\raw\rwf2000\train\Train_NonFight\OU7AM5fv_0.avi,RWF-2000,OU7AM5fv_0,train,nonviolence
..\data\raw\rwf2000\train\Train_NonFight\oUqxGhTe_0.avi,RWF-2000,oUqxGhTe_0,train,nonviolence
..\data\raw\rwf2000\train\Train_NonFight\oVMhWJIpHnc_0.avi,RWF-2000,oVMhWJIpHnc_0,train,nonviolence
..\data\raw\rwf2000\train\Train_NonFight\oVMhWJIpHnc_1.avi,RWF-2000,oVMhWJIpHnc_1,train,nonviolence
..\data\raw\rwf2000\train\Train_NonFight\oVMhWJIpHnc_2.avi,RWF-2000,oVMhWJIpHnc_2,train,nonviolence
..\data\raw\rwf2000\train\Train_NonFight\oW8ySS0rN4Y_0.avi,RWF-2000,oW8ySS0rN4Y_0,train,nonviolence
..\data\raw\rwf2000\train\Train_NonFight\oYFVr2kK_0.avi,RWF-2000,oYFVr2kK_0,train,nonviolence
..\data\raw\rwf2000\train\Train_NonFight\OznqyUJq_0.avi,RWF-2000,OznqyUJq_0,train,nonviolence
..\data\raw\rwf2000\train\Train_NonFight\p19HiyCX7EQ_0.avi,RWF-2000,p19HiyCX7EQ_0,train,nonviolence
..\data\raw\rwf2000\train\Train_NonFight\P8jyDT3M_0.avi,RWF-2000,P8jyDT3M_0,train,nonviolence
..\data\raw\rwf2000\train\Train_NonFight\p9d6QmKh_0.avi,RWF-2000,p9d6QmKh_0,train,nonviolence
..\data\raw\rwf2000\train\Train_NonFight\Pe1uIhp4dAQ_0.avi,RWF-2000,Pe1uIhp4dAQ_0,train,nonviolence
..\data\raw\rwf2000\train\Train_NonFight\Pe1uIhp4dAQ_1.avi,RWF-2000,Pe1uIhp4dAQ_1,train,nonviolence
..\data\raw\rwf2000\train\Train_NonFight\PFw7SeFOD04_0.avi,RWF-2000,PFw7SeFOD04_0,train,nonviolence
..\data\raw\rwf2000\train\Train_NonFight\PFw7SeFOD04_1.avi,RWF-2000,PFw7SeFOD04_1,train,nonviolence
..\data\raw\rwf2000\train\Train_NonFight\pHiqIppg_0.avi,RWF-2000,pHiqIppg_0,train,nonviolence
..\data\raw\rwf2000\train\Train_NonFight\pinuwjwm_0.avi,RWF-2000,pinuwjwm_0,train,nonviolence
..\data\raw\rwf2000\train\Train_NonFight\PJDdPv2b9-s_0.avi,RWF-2000,PJDdPv2b9-s_0,train,nonviolence
..\data\raw\rwf2000\train\Train_NonFight\PJDdPv2b9-s_1.avi,RWF-2000,PJDdPv2b9-s_1,train,nonviolence
..\data\raw\rwf2000\train\Train_NonFight\pKOUG5AqLpY_0.avi,RWF-2000,pKOUG5AqLpY_0,train,nonviolence
..\data\raw\rwf2000\train\Train_NonFight\pKOUG5AqLpY_1.avi,RWF-2000,pKOUG5AqLpY_1,train,nonviolence
..\data\raw\rwf2000\train\Train_NonFight\pLb6Zimq_0.avi,RWF-2000,pLb6Zimq_0,train,nonviolence
..\data\raw\rwf2000\train\Train_NonFight\PNoO9WGJ_0.avi,RWF-2000,PNoO9WGJ_0,train,nonviolence
..\data\raw\rwf2000\train\Train_NonFight\PqB7UvdW_0.avi,RWF-2000,PqB7UvdW_0,train,nonviolence
..\data\raw\rwf2000\train\Train_NonFight\pqvGKGz7_0.avi,RWF-2000,pqvGKGz7_0,train,nonviolence
..\data\raw\rwf2000\train\Train_NonFight\pr8yRPMO_0.avi,RWF-2000,pr8yRPMO_0,train,nonviolence
..\data\raw\rwf2000\train\Train_NonFight\PTy2vx8Ejas_0.avi,RWF-2000,PTy2vx8Ejas_0,train,nonviolence
..\data\raw\rwf2000\train\Train_NonFight\pU9BTy7h_0.avi,RWF-2000,pU9BTy7h_0,train,nonviolence
..\data\raw\rwf2000\train\Train_NonFight\PxhG17WC_0.avi,RWF-2000,PxhG17WC_0,train,nonviolence
..\data\raw\rwf2000\train\Train_NonFight\q2yEYFD5_0.avi,RWF-2000,q2yEYFD5_0,train,nonviolence
..\data\raw\rwf2000\train\Train_NonFight\q78eIX56_0.avi,RWF-2000,q78eIX56_0,train,nonviolence
..\data\raw\rwf2000\train\Train_NonFight\Q876qiBJYfA_0.avi,RWF-2000,Q876qiBJYfA_0,train,nonviolence
..\data\raw\rwf2000\train\Train_NonFight\Q876qiBJYfA_1.avi,RWF-2000,Q876qiBJYfA_1,train,nonviolence
..\data\raw\rwf2000\train\Train_NonFight\Q876qiBJYfA_2.avi,RWF-2000,Q876qiBJYfA_2,train,nonviolence
..\data\raw\rwf2000\train\Train_NonFight\QCgEbCBH_0.avi,RWF-2000,QCgEbCBH_0,train,nonviolence
..\data\raw\rwf2000\train\Train_NonFight\qEeRHumV_0.avi,RWF-2000,qEeRHumV_0,train,nonviolence
..\data\raw\rwf2000\train\Train_NonFight\qIRZ4SMf_0.avi,RWF-2000,qIRZ4SMf_0,train,nonviolence
..\data\raw\rwf2000\train\Train_NonFight\qmvilMkD57M_0.avi,RWF-2000,qmvilMkD57M_0,train,nonviolence
..\data\raw\rwf2000\train\Train_NonFight\qmvilMkD57M_1.avi,RWF-2000,qmvilMkD57M_1,train,nonviolence
..\data\raw\rwf2000\train\Train_NonFight\qnpure5G_0.avi,RWF-2000,qnpure5G_0,train,nonviolence
..\data\raw\rwf2000\train\Train_NonFight\Qqfn1urQ_0.avi,RWF-2000,Qqfn1urQ_0,train,nonviolence
..\data\raw\rwf2000\train\Train_NonFight\qrBAhb8K_0.avi,RWF-2000,qrBAhb8K_0,train,nonviolence
..\data\raw\rwf2000\train\Train_NonFight\qrWTk-2a13o_0.avi,RWF-2000,qrWTk-2a13o_0,train,nonviolence
..\data\raw\rwf2000\train\Train_NonFight\qrWTk-2a13o_1.avi,RWF-2000,qrWTk-2a13o_1,train,nonviolence
..\data\raw\rwf2000\train\Train_NonFight\qrWTk-2a13o_2.avi,RWF-2000,qrWTk-2a13o_2,train,nonviolence
..\data\raw\rwf2000\train\Train_NonFight\QUGT4a6qcJs_0.avi,RWF-2000,QUGT4a6qcJs_0,train,nonviolence
..\data\raw\rwf2000\train\Train_NonFight\QzNWGaQi_0.avi,RWF-2000,QzNWGaQi_0,train,nonviolence
..\data\raw\rwf2000\train\Train_NonFight\R1A_AxUKosk_0.avi,RWF-2000,R1A_AxUKosk_0,train,nonviolence
..\data\raw\rwf2000\train\Train_NonFight\R1A_AxUKosk_1.avi,RWF-2000,R1A_AxUKosk_1,train,nonviolence
..\data\raw\rwf2000\train\Train_NonFight\R2x2rOWh_0.avi,RWF-2000,R2x2rOWh_0,train,nonviolence
..\data\raw\rwf2000\train\Train_NonFight\r8PX3ZJ1_II_0.avi,RWF-2000,r8PX3ZJ1_II_0,train,nonviolence
..\data\raw\rwf2000\train\Train_NonFight\rbByyS4o_0.avi,RWF-2000,rbByyS4o_0,train,nonviolence
..\data\raw\rwf2000\train\Train_NonFight\RbpXgk5M1S0_0.avi,RWF-2000,RbpXgk5M1S0_0,train,nonviolence
..\data\raw\rwf2000\train\Train_NonFight\RbpXgk5M1S0_1.avi,RWF-2000,RbpXgk5M1S0_1,train,nonviolence
..\data\raw\rwf2000\train\Train_NonFight\RbpXgk5M1S0_2.avi,RWF-2000,RbpXgk5M1S0_2,train,nonviolence
..\data\raw\rwf2000\train\Train_NonFight\RFAA8QO7_0.avi,RWF-2000,RFAA8QO7_0,train,nonviolence
..\data\raw\rwf2000\train\Train_NonFight\RfFGwwhG_0.avi,RWF-2000,RfFGwwhG_0,train,nonviolence
..\data\raw\rwf2000\train\Train_NonFight\RfqBhe5z_0.avi,RWF-2000,RfqBhe5z_0,train,nonviolence
..\data\raw\rwf2000\train\Train_NonFight\RFUr2krY_0.avi,RWF-2000,RFUr2krY_0,train,nonviolence
..\data\raw\rwf2000\train\Train_NonFight\RGIpCpdlzI8_0.avi,RWF-2000,RGIpCpdlzI8_0,train,nonviolence
..\data\raw\rwf2000\train\Train_NonFight\RGIpCpdlzI8_1.avi,RWF-2000,RGIpCpdlzI8_1,train,nonviolence
..\data\raw\rwf2000\train\Train_NonFight\Ri_poPbOu-k_0.avi,RWF-2000,Ri_poPbOu-k_0,train,nonviolence
..\data\raw\rwf2000\train\Train_NonFight\Ri_poPbOu-k_1.avi,RWF-2000,Ri_poPbOu-k_1,train,nonviolence
..\data\raw\rwf2000\train\Train_NonFight\Ri_poPbOu-k_2.avi,RWF-2000,Ri_poPbOu-k_2,train,nonviolence
..\data\raw\rwf2000\train\Train_NonFight\rjHXmq47_0.avi,RWF-2000,rjHXmq47_0,train,nonviolence
..\data\raw\rwf2000\train\Train_NonFight\RNOSWjgC_0.avi,RWF-2000,RNOSWjgC_0,train,nonviolence
..\data\raw\rwf2000\train\Train_NonFight\rp9hJAQE_0.avi,RWF-2000,rp9hJAQE_0,train,nonviolence
..\data\raw\rwf2000\train\Train_NonFight\RPESrVE2_0.avi,RWF-2000,RPESrVE2_0,train,nonviolence
..\data\raw\rwf2000\train\Train_NonFight\RQbYptdw_0.avi,RWF-2000,RQbYptdw_0,train,nonviolence
..\data\raw\rwf2000\train\Train_NonFight\RR23nrP0_0.avi,RWF-2000,RR23nrP0_0,train,nonviolence
..\data\raw\rwf2000\train\Train_NonFight\rRbZUKgk_0.avi,RWF-2000,rRbZUKgk_0,train,nonviolence
..\data\raw\rwf2000\train\Train_NonFight\rSGIFH7n_0.avi,RWF-2000,rSGIFH7n_0,train,nonviolence
..\data\raw\rwf2000\train\Train_NonFight\rSumd9HEmrA_0.avi,RWF-2000,rSumd9HEmrA_0,train,nonviolence
..\data\raw\rwf2000\train\Train_NonFight\RUwo8c4s_0.avi,RWF-2000,RUwo8c4s_0,train,nonviolence
..\data\raw\rwf2000\train\Train_NonFight\RVV3lolZ_0.avi,RWF-2000,RVV3lolZ_0,train,nonviolence
..\data\raw\rwf2000\train\Train_NonFight\rYE6iUUF_0.avi,RWF-2000,rYE6iUUF_0,train,nonviolence
..\data\raw\rwf2000\train\Train_NonFight\s-jW4cyavW0_0.avi,RWF-2000,s-jW4cyavW0_0,train,nonviolence
..\data\raw\rwf2000\train\Train_NonFight\s-jW4cyavW0_1.avi,RWF-2000,s-jW4cyavW0_1,train,nonviolence
..\data\raw\rwf2000\train\Train_NonFight\s2S2nIWk_0.avi,RWF-2000,s2S2nIWk_0,train,nonviolence
..\data\raw\rwf2000\train\Train_NonFight\S5dmvVF4_0.avi,RWF-2000,S5dmvVF4_0,train,nonviolence
..\data\raw\rwf2000\train\Train_NonFight\s83GiLts_0.avi,RWF-2000,s83GiLts_0,train,nonviolence
..\data\raw\rwf2000\train\Train_NonFight\SaIUKN4N_0.avi,RWF-2000,SaIUKN4N_0,train,nonviolence
..\data\raw\rwf2000\train\Train_NonFight\SCnBiAteLVI_0.avi,RWF-2000,SCnBiAteLVI_0,train,nonviolence
..\data\raw\rwf2000\train\Train_NonFight\SCnBiAteLVI_1.avi,RWF-2000,SCnBiAteLVI_1,train,nonviolence
..\data\raw\rwf2000\train\Train_NonFight\SCnBiAteLVI_2.avi,RWF-2000,SCnBiAteLVI_2,train,nonviolence
..\data\raw\rwf2000\train\Train_NonFight\sHa6YZW9_0.avi,RWF-2000,sHa6YZW9_0,train,nonviolence
..\data\raw\rwf2000\train\Train_NonFight\sIbVwIO0_0.avi,RWF-2000,sIbVwIO0_0,train,nonviolence
..\data\raw\rwf2000\train\Train_NonFight\SJ9WphBI_0.avi,RWF-2000,SJ9WphBI_0,train,nonviolence
..\data\raw\rwf2000\train\Train_NonFight\skycjZcE_0.avi,RWF-2000,skycjZcE_0,train,nonviolence
..\data\raw\rwf2000\train\Train_NonFight\sLOqgf6N_0.avi,RWF-2000,sLOqgf6N_0,train,nonviolence
..\data\raw\rwf2000\train\Train_NonFight\snhUvpXC_0.avi,RWF-2000,snhUvpXC_0,train,nonviolence
..\data\raw\rwf2000\train\Train_NonFight\sPd5Wmkc_0.avi,RWF-2000,sPd5Wmkc_0,train,nonviolence
..\data\raw\rwf2000\train\Train_NonFight\sq03O3JL_0.avi,RWF-2000,sq03O3JL_0,train,nonviolence
..\data\raw\rwf2000\train\Train_NonFight\Suv_mMs8J9g_0.avi,RWF-2000,Suv_mMs8J9g_0,train,nonviolence
..\data\raw\rwf2000\train\Train_NonFight\SVdz24hD_0.avi,RWF-2000,SVdz24hD_0,train,nonviolence
..\data\raw\rwf2000\train\Train_NonFight\Swr7caI0_0.avi,RWF-2000,Swr7caI0_0,train,nonviolence
..\data\raw\rwf2000\train\Train_NonFight\sy7BoRGE_0.avi,RWF-2000,sy7BoRGE_0,train,nonviolence
..\data\raw\rwf2000\train\Train_NonFight\sYGIUeBX_0.avi,RWF-2000,sYGIUeBX_0,train,nonviolence
..\data\raw\rwf2000\train\Train_NonFight\TfDHgxDm_0.avi,RWF-2000,TfDHgxDm_0,train,nonviolence
..\data\raw\rwf2000\train\Train_NonFight\tgkbh2d9_0.avi,RWF-2000,tgkbh2d9_0,train,nonviolence
..\data\raw\rwf2000\train\Train_NonFight\THqDidIr4Xs_0.avi,RWF-2000,THqDidIr4Xs_0,train,nonviolence
..\data\raw\rwf2000\train\Train_NonFight\THqDidIr4Xs_1.avi,RWF-2000,THqDidIr4Xs_1,train,nonviolence
..\data\raw\rwf2000\train\Train_NonFight\tIHY2ZFQ_0.avi,RWF-2000,tIHY2ZFQ_0,train,nonviolence
..\data\raw\rwf2000\train\Train_NonFight\tILABXoHE7s_0.avi,RWF-2000,tILABXoHE7s_0,train,nonviolence
..\data\raw\rwf2000\train\Train_NonFight\tILABXoHE7s_1.avi,RWF-2000,tILABXoHE7s_1,train,nonviolence
..\data\raw\rwf2000\train\Train_NonFight\tILABXoHE7s_2.avi,RWF-2000,tILABXoHE7s_2,train,nonviolence
..\data\raw\rwf2000\train\Train_NonFight\tIvvuvuJFYc_0.avi,RWF-2000,tIvvuvuJFYc_0,train,nonviolence
..\data\raw\rwf2000\train\Train_NonFight\TJfoIe801t8_0.avi,RWF-2000,TJfoIe801t8_0,train,nonviolence
..\data\raw\rwf2000\train\Train_NonFight\tmm7AxKl_0.avi,RWF-2000,tmm7AxKl_0,train,nonviolence
..\data\raw\rwf2000\train\Train_NonFight\tPpXT9VI_0.avi,RWF-2000,tPpXT9VI_0,train,nonviolence
..\data\raw\rwf2000\train\Train_NonFight\TSHiCcMS_0.avi,RWF-2000,TSHiCcMS_0,train,nonviolence
..\data\raw\rwf2000\train\Train_NonFight\TuWan04E3gQ_0.avi,RWF-2000,TuWan04E3gQ_0,train,nonviolence
..\data\raw\rwf2000\train\Train_NonFight\TuWan04E3gQ_1.avi,RWF-2000,TuWan04E3gQ_1,train,nonviolence
..\data\raw\rwf2000\train\Train_NonFight\TX2ePcRo_0.avi,RWF-2000,TX2ePcRo_0,train,nonviolence
..\data\raw\rwf2000\train\Train_NonFight\tXk2yvmq_0.avi,RWF-2000,tXk2yvmq_0,train,nonviolence
..\data\raw\rwf2000\train\Train_NonFight\TYsebroPeGY_0.avi,RWF-2000,TYsebroPeGY_0,train,nonviolence
..\data\raw\rwf2000\train\Train_NonFight\TYsebroPeGY_1.avi,RWF-2000,TYsebroPeGY_1,train,nonviolence
..\data\raw\rwf2000\train\Train_NonFight\TYX5vuHO_0.avi,RWF-2000,TYX5vuHO_0,train,nonviolence
..\data\raw\rwf2000\train\Train_NonFight\tzdvtHL7Akk_0.avi,RWF-2000,tzdvtHL7Akk_0,train,nonviolence
..\data\raw\rwf2000\train\Train_NonFight\tzdvtHL7Akk_1.avi,RWF-2000,tzdvtHL7Akk_1,train,nonviolence
..\data\raw\rwf2000\train\Train_NonFight\Tzn3HwZD_0.avi,RWF-2000,Tzn3HwZD_0,train,nonviolence
..\data\raw\rwf2000\train\Train_NonFight\U1Z1bVRt_0.avi,RWF-2000,U1Z1bVRt_0,train,nonviolence
..\data\raw\rwf2000\train\Train_NonFight\uAKRFGFR_0.avi,RWF-2000,uAKRFGFR_0,train,nonviolence
..\data\raw\rwf2000\train\Train_NonFight\UArjSm2Y_0.avi,RWF-2000,UArjSm2Y_0,train,nonviolence
..\data\raw\rwf2000\train\Train_NonFight\uEzFjs3X_0.avi,RWF-2000,uEzFjs3X_0,train,nonviolence
..\data\raw\rwf2000\train\Train_NonFight\UFA7LVk0_0.avi,RWF-2000,UFA7LVk0_0,train,nonviolence
..\data\raw\rwf2000\train\Train_NonFight\ug2tQMG8DC0_0.avi,RWF-2000,ug2tQMG8DC0_0,train,nonviolence
..\data\raw\rwf2000\train\Train_NonFight\uhTalZ00_0.avi,RWF-2000,uhTalZ00_0,train,nonviolence
..\data\raw\rwf2000\train\Train_NonFight\UIAGmwT1_0.avi,RWF-2000,UIAGmwT1_0,train,nonviolence
..\data\raw\rwf2000\train\Train_NonFight\UIsigi4O-sI_0.avi,RWF-2000,UIsigi4O-sI_0,train,nonviolence
..\data\raw\rwf2000\train\Train_NonFight\UIsigi4O-sI_1.avi,RWF-2000,UIsigi4O-sI_1,train,nonviolence
..\data\raw\rwf2000\train\Train_NonFight\uLGOlxvv_0.avi,RWF-2000,uLGOlxvv_0,train,nonviolence
..\data\raw\rwf2000\train\Train_NonFight\ULiIpQ6s_0.avi,RWF-2000,ULiIpQ6s_0,train,nonviolence
..\data\raw\rwf2000\train\Train_NonFight\umOs1WLBkuo_0.avi,RWF-2000,umOs1WLBkuo_0,train,nonviolence
..\data\raw\rwf2000\train\Train_NonFight\umOs1WLBkuo_1.avi,RWF-2000,umOs1WLBkuo_1,train,nonviolence
..\data\raw\rwf2000\train\Train_NonFight\umOs1WLBkuo_2.avi,RWF-2000,umOs1WLBkuo_2,train,nonviolence
..\data\raw\rwf2000\train\Train_NonFight\uNtsEcFR_0.avi,RWF-2000,uNtsEcFR_0,train,nonviolence
..\data\raw\rwf2000\train\Train_NonFight\UQ42UqFJ_0.avi,RWF-2000,UQ42UqFJ_0,train,nonviolence
..\data\raw\rwf2000\train\Train_NonFight\uu3SB2L1_0.avi,RWF-2000,uu3SB2L1_0,train,nonviolence
..\data\raw\rwf2000\train\Train_NonFight\UuMYxOYm_0.avi,RWF-2000,UuMYxOYm_0,train,nonviolence
..\data\raw\rwf2000\train\Train_NonFight\UvLAudRA91Y_0.avi,RWF-2000,UvLAudRA91Y_0,train,nonviolence
..\data\raw\rwf2000\train\Train_NonFight\UvLAudRA91Y_1.avi,RWF-2000,UvLAudRA91Y_1,train,nonviolence
..\data\raw\rwf2000\train\Train_NonFight\UvLAudRA91Y_2.avi,RWF-2000,UvLAudRA91Y_2,train,nonviolence
..\data\raw\rwf2000\train\Train_NonFight\uWH7kvNG_0.avi,RWF-2000,uWH7kvNG_0,train,nonviolence
..\data\raw\rwf2000\train\Train_NonFight\UWmcbEyn_0.avi,RWF-2000,UWmcbEyn_0,train,nonviolence
..\data\raw\rwf2000\train\Train_NonFight\uWQG2hQT_0.avi,RWF-2000,uWQG2hQT_0,train,nonviolence
..\data\raw\rwf2000\train\Train_NonFight\uXf4C-YwbtM_0.avi,RWF-2000,uXf4C-YwbtM_0,train,nonviolence
..\data\raw\rwf2000\train\Train_NonFight\uXf4C-YwbtM_1.avi,RWF-2000,uXf4C-YwbtM_1,train,nonviolence
..\data\raw\rwf2000\train\Train_NonFight\uyeWsodv_0.avi,RWF-2000,uyeWsodv_0,train,nonviolence
..\data\raw\rwf2000\train\Train_NonFight\uz4dXoN5_0.avi,RWF-2000,uz4dXoN5_0,train,nonviolence
..\data\raw\rwf2000\train\Train_NonFight\v0wUQPs4_0.avi,RWF-2000,v0wUQPs4_0,train,nonviolence
..\data\raw\rwf2000\train\Train_NonFight\V3EI1n_7JwU_0.avi,RWF-2000,V3EI1n_7JwU_0,train,nonviolence
..\data\raw\rwf2000\train\Train_NonFight\V726w0IKCp4_0.avi,RWF-2000,V726w0IKCp4_0,train,nonviolence
..\data\raw\rwf2000\train\Train_NonFight\V89iCOJ1_0.avi,RWF-2000,V89iCOJ1_0,train,nonviolence
..\data\raw\rwf2000\train\Train_NonFight\v8cACThQ_0.avi,RWF-2000,v8cACThQ_0,train,nonviolence
..\data\raw\rwf2000\train\Train_NonFight\vBwKQfJYG1Q_0.avi,RWF-2000,vBwKQfJYG1Q_0,train,nonviolence
..\data\raw\rwf2000\train\Train_NonFight\vBwKQfJYG1Q_1.avi,RWF-2000,vBwKQfJYG1Q_1,train,nonviolence
..\data\raw\rwf2000\train\Train_NonFight\VbwTMJroTbI_0.avi,RWF-2000,VbwTMJroTbI_0,train,nonviolence
..\data\raw\rwf2000\train\Train_NonFight\VbwTMJroTbI_1.avi,RWF-2000,VbwTMJroTbI_1,train,nonviolence
..\data\raw\rwf2000\train\Train_NonFight\vCO6CZNt_0.avi,RWF-2000,vCO6CZNt_0,train,nonviolence
..\data\raw\rwf2000\train\Train_NonFight\Vd27cYFthms_0.avi,RWF-2000,Vd27cYFthms_0,train,nonviolence
..\data\raw\rwf2000\train\Train_NonFight\vGCZpdPR_0.avi,RWF-2000,vGCZpdPR_0,train,nonviolence
..\data\raw\rwf2000\train\Train_NonFight\vJDAaUzYOi8_0.avi,RWF-2000,vJDAaUzYOi8_0,train,nonviolence
..\data\raw\rwf2000\train\Train_NonFight\vJDAaUzYOi8_1.avi,RWF-2000,vJDAaUzYOi8_1,train,nonviolence
..\data\raw\rwf2000\train\Train_NonFight\VjDGXzWt_0.avi,RWF-2000,VjDGXzWt_0,train,nonviolence
..\data\raw\rwf2000\train\Train_NonFight\VnDOPZls_0.avi,RWF-2000,VnDOPZls_0,train,nonviolence
..\data\raw\rwf2000\train\Train_NonFight\vnUS5WN7_0.avi,RWF-2000,vnUS5WN7_0,train,nonviolence
..\data\raw\rwf2000\train\Train_NonFight\VpnCjE1l_0.avi,RWF-2000,VpnCjE1l_0,train,nonviolence
..\data\raw\rwf2000\train\Train_NonFight\vQKHxtrdEHM_0.avi,RWF-2000,vQKHxtrdEHM_0,train,nonviolence
..\data\raw\rwf2000\train\Train_NonFight\vQKHxtrdEHM_1.avi,RWF-2000,vQKHxtrdEHM_1,train,nonviolence
..\data\raw\rwf2000\train\Train_NonFight\vu6lIsQm_0.avi,RWF-2000,vu6lIsQm_0,train,nonviolence
..\data\raw\rwf2000\train\Train_NonFight\vwQvNOlX_0.avi,RWF-2000,vwQvNOlX_0,train,nonviolence
..\data\raw\rwf2000\train\Train_NonFight\VXLdrn0b_0.avi,RWF-2000,VXLdrn0b_0,train,nonviolence
..\data\raw\rwf2000\train\Train_NonFight\vXvv1gqd_0.avi,RWF-2000,vXvv1gqd_0,train,nonviolence
..\data\raw\rwf2000\train\Train_NonFight\VYWWsld6ibI_0.avi,RWF-2000,VYWWsld6ibI_0,train,nonviolence
..\data\raw\rwf2000\train\Train_NonFight\Wby1vUy8aYI_0.avi,RWF-2000,Wby1vUy8aYI_0,train,nonviolence
..\data\raw\rwf2000\train\Train_NonFight\WCbsjDUV_0.avi,RWF-2000,WCbsjDUV_0,train,nonviolence
..\data\raw\rwf2000\train\Train_NonFight\WCHYnPMG_0.avi,RWF-2000,WCHYnPMG_0,train,nonviolence
..\data\raw\rwf2000\train\Train_NonFight\WfjOB1Vq_0.avi,RWF-2000,WfjOB1Vq_0,train,nonviolence
..\data\raw\rwf2000\train\Train_NonFight\wgdTpJTo_0.avi,RWF-2000,wgdTpJTo_0,train,nonviolence
..\data\raw\rwf2000\train\Train_NonFight\WHNtrI7MEUg_0.avi,RWF-2000,WHNtrI7MEUg_0,train,nonviolence
..\data\raw\rwf2000\train\Train_NonFight\WHNtrI7MEUg_1.avi,RWF-2000,WHNtrI7MEUg_1,train,nonviolence
..\data\raw\rwf2000\train\Train_NonFight\wk5WCCti_0.avi,RWF-2000,wk5WCCti_0,train,nonviolence
..\data\raw\rwf2000\train\Train_NonFight\wKMXI2vp_0.avi,RWF-2000,wKMXI2vp_0,train,nonviolence
..\data\raw\rwf2000\train\Train_NonFight\wMgaVgMG_0.avi,RWF-2000,wMgaVgMG_0,train,nonviolence
..\data\raw\rwf2000\train\Train_NonFight\wNTaSOXj_0.avi,RWF-2000,wNTaSOXj_0,train,nonviolence
..\data\raw\rwf2000\train\Train_NonFight\WPK4WLlc_0.avi,RWF-2000,WPK4WLlc_0,train,nonviolence
..\data\raw\rwf2000\train\Train_NonFight\WW8zIoiZ_0.avi,RWF-2000,WW8zIoiZ_0,train,nonviolence
..\data\raw\rwf2000\train\Train_NonFight\ww9L6ULb_0.avi,RWF-2000,ww9L6ULb_0,train,nonviolence
..\data\raw\rwf2000\train\Train_NonFight\wXHEbfck_0.avi,RWF-2000,wXHEbfck_0,train,nonviolence
..\data\raw\rwf2000\train\Train_NonFight\WXwfibYX_0.avi,RWF-2000,WXwfibYX_0,train,nonviolence
..\data\raw\rwf2000\train\Train_NonFight\wY7Om5cW_0.avi,RWF-2000,wY7Om5cW_0,train,nonviolence
..\data\raw\rwf2000\train\Train_NonFight\X0fP5VQMrbg_0.avi,RWF-2000,X0fP5VQMrbg_0,train,nonviolence
..\data\raw\rwf2000\train\Train_NonFight\X0fP5VQMrbg_1.avi,RWF-2000,X0fP5VQMrbg_1,train,nonviolence
..\data\raw\rwf2000\train\Train_NonFight\X14e9Fwxa8w_0.avi,RWF-2000,X14e9Fwxa8w_0,train,nonviolence
..\data\raw\rwf2000\train\Train_NonFight\X3mPJLe9_0.avi,RWF-2000,X3mPJLe9_0,train,nonviolence
..\data\raw\rwf2000\train\Train_NonFight\x7iljhbM_0.avi,RWF-2000,x7iljhbM_0,train,nonviolence
..\data\raw\rwf2000\train\Train_NonFight\Xhh2ONc7_0.avi,RWF-2000,Xhh2ONc7_0,train,nonviolence
..\data\raw\rwf2000\train\Train_NonFight\XJfaYlr0_0.avi,RWF-2000,XJfaYlr0_0,train,nonviolence
..\data\raw\rwf2000\train\Train_NonFight\xKq3hlefCUI_0.avi,RWF-2000,xKq3hlefCUI_0,train,nonviolence
..\data\raw\rwf2000\train\Train_NonFight\Xmmy8LvV_0.avi,RWF-2000,Xmmy8LvV_0,train,nonviolence
..\data\raw\rwf2000\train\Train_NonFight\XPG8GqrH_0.avi,RWF-2000,XPG8GqrH_0,train,nonviolence
..\data\raw\rwf2000\train\Train_NonFight\XpQkd2Ug_0.avi,RWF-2000,XpQkd2Ug_0,train,nonviolence
..\data\raw\rwf2000\train\Train_NonFight\XQR0CvyY_0.avi,RWF-2000,XQR0CvyY_0,train,nonviolence
..\data\raw\rwf2000\train\Train_NonFight\XQR0CvyY_1.avi,RWF-2000,XQR0CvyY_1,train,nonviolence
..\data\raw\rwf2000\train\Train_NonFight\xQSbcaZp_0.avi,RWF-2000,xQSbcaZp_0,train,nonviolence
..\data\raw\rwf2000\train\Train_NonFight\Xr0T6ylW_0.avi,RWF-2000,Xr0T6ylW_0,train,nonviolence
..\data\raw\rwf2000\train\Train_NonFight\xR1o8M5o_0.avi,RWF-2000,xR1o8M5o_0,train,nonviolence
..\data\raw\rwf2000\train\Train_NonFight\xtA4owfr_0.avi,RWF-2000,xtA4owfr_0,train,nonviolence
..\data\raw\rwf2000\train\Train_NonFight\xTCvMktQ_0.avi,RWF-2000,xTCvMktQ_0,train,nonviolence
..\data\raw\rwf2000\train\Train_NonFight\XVfkS6rM_0.avi,RWF-2000,XVfkS6rM_0,train,nonviolence
..\data\raw\rwf2000\train\Train_NonFight\xW8Esfp9_0.avi,RWF-2000,xW8Esfp9_0,train,nonviolence
..\data\raw\rwf2000\train\Train_NonFight\xWBtjX00_0.avi,RWF-2000,xWBtjX00_0,train,nonviolence
..\data\raw\rwf2000\train\Train_NonFight\XwiwESMn_0.avi,RWF-2000,XwiwESMn_0,train,nonviolence
..\data\raw\rwf2000\train\Train_NonFight\xxIkl4Ue_0.avi,RWF-2000,xxIkl4Ue_0,train,nonviolence
..\data\raw\rwf2000\train\Train_NonFight\xYWhwcqL_0.avi,RWF-2000,xYWhwcqL_0,train,nonviolence
..\data\raw\rwf2000\train\Train_NonFight\Y-TiUAODEYw_0.avi,RWF-2000,Y-TiUAODEYw_0,train,nonviolence
..\data\raw\rwf2000\train\Train_NonFight\Y-TiUAODEYw_1.avi,RWF-2000,Y-TiUAODEYw_1,train,nonviolence
..\data\raw\rwf2000\train\Train_NonFight\Y-TiUAODEYw_2.avi,RWF-2000,Y-TiUAODEYw_2,train,nonviolence
..\data\raw\rwf2000\train\Train_NonFight\Y1y9Gxs6_0.avi,RWF-2000,Y1y9Gxs6_0,train,nonviolence
..\data\raw\rwf2000\train\Train_NonFight\Y4KiQpCP_0.avi,RWF-2000,Y4KiQpCP_0,train,nonviolence
..\data\raw\rwf2000\train\Train_NonFight\y4njAG00_0.avi,RWF-2000,y4njAG00_0,train,nonviolence
..\data\raw\rwf2000\train\Train_NonFight\YC51sSdT_0.avi,RWF-2000,YC51sSdT_0,train,nonviolence
..\data\raw\rwf2000\train\Train_NonFight\ycOdxOJt_0.avi,RWF-2000,ycOdxOJt_0,train,nonviolence
..\data\raw\rwf2000\train\Train_NonFight\yDKfgkb2_0.avi,RWF-2000,yDKfgkb2_0,train,nonviolence
..\data\raw\rwf2000\train\Train_NonFight\YJvuxdWs_0.avi,RWF-2000,YJvuxdWs_0,train,nonviolence
..\data\raw\rwf2000\train\Train_NonFight\ykI6keNQ_0.avi,RWF-2000,ykI6keNQ_0,train,nonviolence
..\data\raw\rwf2000\train\Train_NonFight\yKxTC4lT_0.avi,RWF-2000,yKxTC4lT_0,train,nonviolence
..\data\raw\rwf2000\train\Train_NonFight\yldWawWf_0.avi,RWF-2000,yldWawWf_0,train,nonviolence
..\data\raw\rwf2000\train\Train_NonFight\ypdSZICv_0.avi,RWF-2000,ypdSZICv_0,train,nonviolence
..\data\raw\rwf2000\train\Train_NonFight\YQkE7oOf_0.avi,RWF-2000,YQkE7oOf_0,train,nonviolence
..\data\raw\rwf2000\train\Train_NonFight\yQWmI4e8_0.avi,RWF-2000,yQWmI4e8_0,train,nonviolence
..\data\raw\rwf2000\train\Train_NonFight\ytjGIK9m_0.avi,RWF-2000,ytjGIK9m_0,train,nonviolence
..\data\raw\rwf2000\train\Train_NonFight\yvNawsRf_0.avi,RWF-2000,yvNawsRf_0,train,nonviolence
..\data\raw\rwf2000\train\Train_NonFight\Yw7Ip3VS_0.avi,RWF-2000,Yw7Ip3VS_0,train,nonviolence
..\data\raw\rwf2000\train\Train_NonFight\yWnLtCrM_0.avi,RWF-2000,yWnLtCrM_0,train,nonviolence
..\data\raw\rwf2000\train\Train_NonFight\Yxz9WncB_0.avi,RWF-2000,Yxz9WncB_0,train,nonviolence
..\data\raw\rwf2000\train\Train_NonFight\zbg2jsE4_0.avi,RWF-2000,zbg2jsE4_0,train,nonviolence
..\data\raw\rwf2000\train\Train_NonFight\zHRkgmIT_0.avi,RWF-2000,zHRkgmIT_0,train,nonviolence
..\data\raw\rwf2000\train\Train_NonFight\ZIj9BzT4_0.avi,RWF-2000,ZIj9BzT4_0,train,nonviolence
..\data\raw\rwf2000\train\Train_NonFight\ZPhVyVZt_0.avi,RWF-2000,ZPhVyVZt_0,train,nonviolence
..\data\raw\rwf2000\train\Train_NonFight\zWrAqXFn_0.avi,RWF-2000,zWrAqXFn_0,train,nonviolence
..\data\raw\rwf2000\train\Train_NonFight\Zy04T0RF_0.avi,RWF-2000,Zy04T0RF_0,train,nonviolence
..\data\raw\rwf2000\train\Train_NonFight\zZHTBiER_0.avi,RWF-2000,zZHTBiER_0,train,nonviolence
..\data\raw\rwf2000\train\Train_NonFight\_fPfNbHM16M_0.avi,RWF-2000,_fPfNbHM16M_0,train,nonviolence
..\data\raw\rwf2000\train\Train_NonFight\_fPfNbHM16M_1.avi,RWF-2000,_fPfNbHM16M_1,train,nonviolence
..\data\raw\rwf2000\train\Train_NonFight\_q5Nwh4Z6ao_0.avi,RWF-2000,_q5Nwh4Z6ao_0,train,nonviolence
..\data\raw\rwf2000\train\Train_NonFight\_q5Nwh4Z6ao_1.avi,RWF-2000,_q5Nwh4Z6ao_1,train,nonviolence
..\data\raw\rwf2000\train\Train_NonFight\_q5Nwh4Z6ao_2.avi,RWF-2000,_q5Nwh4Z6ao_2,train,nonviolence
..\data\raw\rwf2000\train\Train_NonFight\_q5Nwh4Z6ao_3.avi,RWF-2000,_q5Nwh4Z6ao_3,train,nonviolence
..\data\raw\rwf2000\train\Train_NonFight\_q5Nwh4Z6ao_4.avi,RWF-2000,_q5Nwh4Z6ao_4,train,nonviolence
..\data\raw\rwf2000\train\Train_NonFight\_q5Nwh4Z6ao_5.avi,RWF-2000,_q5Nwh4Z6ao_5,train,nonviolence
..\data\raw\rwf2000\train\Train_NonFight\_q5Nwh4Z6ao_6.avi,RWF-2000,_q5Nwh4Z6ao_6,train,nonviolence
..\data\raw\rwf2000\train\Train_NonFight\_q5Nwh4Z6ao_7.avi,RWF-2000,_q5Nwh4Z6ao_7,train,nonviolence
..\data\raw\rwf2000\train\Train_NonFight\_wVuRdfDHbE_0.avi,RWF-2000,_wVuRdfDHbE_0,train,nonviolence
..\data\raw\rwf2000\val\Val_Fight\0Ow4cotKOuw_0.avi,RWF-2000,0Ow4cotKOuw_0,val,violence
..\data\raw\rwf2000\val\Val_Fight\0Ow4cotKOuw_1.avi,RWF-2000,0Ow4cotKOuw_1,val,violence
..\data\raw\rwf2000\val\Val_Fight\0Ow4cotKOuw_2.avi,RWF-2000,0Ow4cotKOuw_2,val,violence
..\data\raw\rwf2000\val\Val_Fight\0Ow4cotKOuw_3.avi,RWF-2000,0Ow4cotKOuw_3,val,violence
..\data\raw\rwf2000\val\Val_Fight\0Ow4cotKOuw_4.avi,RWF-2000,0Ow4cotKOuw_4,val,violence
..\data\raw\rwf2000\val\Val_Fight\1Kbw1bUw_0.avi,RWF-2000,1Kbw1bUw_0,val,violence
..\data\raw\rwf2000\val\Val_Fight\1Kbw1bUw_1.avi,RWF-2000,1Kbw1bUw_1,val,violence
..\data\raw\rwf2000\val\Val_Fight\1Kbw1bUw_2.avi,RWF-2000,1Kbw1bUw_2,val,violence
..\data\raw\rwf2000\val\Val_Fight\1Kbw1bUw_3.avi,RWF-2000,1Kbw1bUw_3,val,violence
..\data\raw\rwf2000\val\Val_Fight\1MVS2QPWbHc_0.avi,RWF-2000,1MVS2QPWbHc_0,val,violence
..\data\raw\rwf2000\val\Val_Fight\1MVS2QPWbHc_1.avi,RWF-2000,1MVS2QPWbHc_1,val,violence
..\data\raw\rwf2000\val\Val_Fight\1MVS2QPWbHc_2.avi,RWF-2000,1MVS2QPWbHc_2,val,violence
..\data\raw\rwf2000\val\Val_Fight\1MVS2QPWbHc_3.avi,RWF-2000,1MVS2QPWbHc_3,val,violence
..\data\raw\rwf2000\val\Val_Fight\1MVS2QPWbHc_4.avi,RWF-2000,1MVS2QPWbHc_4,val,violence
..\data\raw\rwf2000\val\Val_Fight\1MVS2QPWbHc_5.avi,RWF-2000,1MVS2QPWbHc_5,val,violence
..\data\raw\rwf2000\val\Val_Fight\39BFeYnbu-I_0.avi,RWF-2000,39BFeYnbu-I_0,val,violence
..\data\raw\rwf2000\val\Val_Fight\39BFeYnbu-I_1.avi,RWF-2000,39BFeYnbu-I_1,val,violence
..\data\raw\rwf2000\val\Val_Fight\39BFeYnbu-I_2.avi,RWF-2000,39BFeYnbu-I_2,val,violence
..\data\raw\rwf2000\val\Val_Fight\39BFeYnbu-I_3.avi,RWF-2000,39BFeYnbu-I_3,val,violence
..\data\raw\rwf2000\val\Val_Fight\39BFeYnbu-I_4.avi,RWF-2000,39BFeYnbu-I_4,val,violence
..\data\raw\rwf2000\val\Val_Fight\39BFeYnbu-I_5.avi,RWF-2000,39BFeYnbu-I_5,val,violence
..\data\raw\rwf2000\val\Val_Fight\39BFeYnbu-I_6.avi,RWF-2000,39BFeYnbu-I_6,val,violence
..\data\raw\rwf2000\val\Val_Fight\39BFeYnbu-I_7.avi,RWF-2000,39BFeYnbu-I_7,val,violence
..\data\raw\rwf2000\val\Val_Fight\39BFeYnbu-I_8.avi,RWF-2000,39BFeYnbu-I_8,val,violence
..\data\raw\rwf2000\val\Val_Fight\48J5lk4QcpE_0.avi,RWF-2000,48J5lk4QcpE_0,val,violence
..\data\raw\rwf2000\val\Val_Fight\48J5lk4QcpE_1.avi,RWF-2000,48J5lk4QcpE_1,val,violence
..\data\raw\rwf2000\val\Val_Fight\48J5lk4QcpE_2.avi,RWF-2000,48J5lk4QcpE_2,val,violence
..\data\raw\rwf2000\val\Val_Fight\48J5lk4QcpE_3.avi,RWF-2000,48J5lk4QcpE_3,val,violence
..\data\raw\rwf2000\val\Val_Fight\6Rl7q_kXYbg_0.avi,RWF-2000,6Rl7q_kXYbg_0,val,violence
..\data\raw\rwf2000\val\Val_Fight\6Rl7q_kXYbg_1.avi,RWF-2000,6Rl7q_kXYbg_1,val,violence
..\data\raw\rwf2000\val\Val_Fight\6Rl7q_kXYbg_2.avi,RWF-2000,6Rl7q_kXYbg_2,val,violence
..\data\raw\rwf2000\val\Val_Fight\6Rl7q_kXYbg_3.avi,RWF-2000,6Rl7q_kXYbg_3,val,violence
..\data\raw\rwf2000\val\Val_Fight\6Rl7q_kXYbg_4.avi,RWF-2000,6Rl7q_kXYbg_4,val,violence
..\data\raw\rwf2000\val\Val_Fight\6Rl7q_kXYbg_5.avi,RWF-2000,6Rl7q_kXYbg_5,val,violence
..\data\raw\rwf2000\val\Val_Fight\7gLKFV5voOg_0.avi,RWF-2000,7gLKFV5voOg_0,val,violence
..\data\raw\rwf2000\val\Val_Fight\7gLKFV5voOg_1.avi,RWF-2000,7gLKFV5voOg_1,val,violence
..\data\raw\rwf2000\val\Val_Fight\83d-16REC40_0.avi,RWF-2000,83d-16REC40_0,val,violence
..\data\raw\rwf2000\val\Val_Fight\83d-16REC40_1.avi,RWF-2000,83d-16REC40_1,val,violence
..\data\raw\rwf2000\val\Val_Fight\A7FCl8G35Cs_0.avi,RWF-2000,A7FCl8G35Cs_0,val,violence
..\data\raw\rwf2000\val\Val_Fight\A7FCl8G35Cs_1.avi,RWF-2000,A7FCl8G35Cs_1,val,violence
..\data\raw\rwf2000\val\Val_Fight\ASGGSDG_183.avi,RWF-2000,ASGGSDG_183,val,violence
..\data\raw\rwf2000\val\Val_Fight\bW2vHhYbzHM_0.avi,RWF-2000,bW2vHhYbzHM_0,val,violence
..\data\raw\rwf2000\val\Val_Fight\e5Dmmply_0.avi,RWF-2000,e5Dmmply_0,val,violence
..\data\raw\rwf2000\val\Val_Fight\e5Dmmply_1.avi,RWF-2000,e5Dmmply_1,val,violence
..\data\raw\rwf2000\val\Val_Fight\e5Dmmply_2.avi,RWF-2000,e5Dmmply_2,val,violence
..\data\raw\rwf2000\val\Val_Fight\EFv961C5RgY_0.avi,RWF-2000,EFv961C5RgY_0,val,violence
..\data\raw\rwf2000\val\Val_Fight\EFv961C5RgY_1.avi,RWF-2000,EFv961C5RgY_1,val,violence
..\data\raw\rwf2000\val\Val_Fight\etyiEs3j8x8_0.avi,RWF-2000,etyiEs3j8x8_0,val,violence
..\data\raw\rwf2000\val\Val_Fight\etyiEs3j8x8_1.avi,RWF-2000,etyiEs3j8x8_1,val,violence
..\data\raw\rwf2000\val\Val_Fight\etyiEs3j8x8_2.avi,RWF-2000,etyiEs3j8x8_2,val,violence
..\data\raw\rwf2000\val\Val_Fight\etyiEs3j8x8_3.avi,RWF-2000,etyiEs3j8x8_3,val,violence
..\data\raw\rwf2000\val\Val_Fight\etyiEs3j8x8_4.avi,RWF-2000,etyiEs3j8x8_4,val,violence
..\data\raw\rwf2000\val\Val_Fight\etyiEs3j8x8_5.avi,RWF-2000,etyiEs3j8x8_5,val,violence
..\data\raw\rwf2000\val\Val_Fight\etyiEs3j8x8_8.avi,RWF-2000,etyiEs3j8x8_8,val,violence
..\data\raw\rwf2000\val\Val_Fight\fbtEhNq5a6E_0.avi,RWF-2000,fbtEhNq5a6E_0,val,violence
..\data\raw\rwf2000\val\Val_Fight\FXC43fACfPc_0.avi,RWF-2000,FXC43fACfPc_0,val,violence
..\data\raw\rwf2000\val\Val_Fight\FXC43fACfPc_1.avi,RWF-2000,FXC43fACfPc_1,val,violence
..\data\raw\rwf2000\val\Val_Fight\FXC43fACfPc_2.avi,RWF-2000,FXC43fACfPc_2,val,violence
..\data\raw\rwf2000\val\Val_Fight\FXC43fACfPc_3.avi,RWF-2000,FXC43fACfPc_3,val,violence
..\data\raw\rwf2000\val\Val_Fight\g-qjkePEXQA_0.avi,RWF-2000,g-qjkePEXQA_0,val,violence
..\data\raw\rwf2000\val\Val_Fight\g-qjkePEXQA_1.avi,RWF-2000,g-qjkePEXQA_1,val,violence
..\data\raw\rwf2000\val\Val_Fight\g-qjkePEXQA_2.avi,RWF-2000,g-qjkePEXQA_2,val,violence
..\data\raw\rwf2000\val\Val_Fight\g-qjkePEXQA_3.avi,RWF-2000,g-qjkePEXQA_3,val,violence
..\data\raw\rwf2000\val\Val_Fight\g6jdqkcdgqk_1.avi,RWF-2000,g6jdqkcdgqk_1,val,violence
..\data\raw\rwf2000\val\Val_Fight\g6jdqkcdgqk_2.avi,RWF-2000,g6jdqkcdgqk_2,val,violence
..\data\raw\rwf2000\val\Val_Fight\g6jdqkcdgqk_3.avi,RWF-2000,g6jdqkcdgqk_3,val,violence
..\data\raw\rwf2000\val\Val_Fight\g6jdqkcdgqk_4.avi,RWF-2000,g6jdqkcdgqk_4,val,violence
..\data\raw\rwf2000\val\Val_Fight\g6jdqkcdgqk_5.avi,RWF-2000,g6jdqkcdgqk_5,val,violence
..\data\raw\rwf2000\val\Val_Fight\hytjfg_354.avi,RWF-2000,hytjfg_354,val,violence
..\data\raw\rwf2000\val\Val_Fight\I-QiUMPTWNE_0.avi,RWF-2000,I-QiUMPTWNE_0,val,violence
..\data\raw\rwf2000\val\Val_Fight\I-QiUMPTWNE_1.avi,RWF-2000,I-QiUMPTWNE_1,val,violence
..\data\raw\rwf2000\val\Val_Fight\I-QiUMPTWNE_2.avi,RWF-2000,I-QiUMPTWNE_2,val,violence
..\data\raw\rwf2000\val\Val_Fight\I-QiUMPTWNE_3.avi,RWF-2000,I-QiUMPTWNE_3,val,violence
..\data\raw\rwf2000\val\Val_Fight\I-QiUMPTWNE_4.avi,RWF-2000,I-QiUMPTWNE_4,val,violence
..\data\raw\rwf2000\val\Val_Fight\I-QiUMPTWNE_5.avi,RWF-2000,I-QiUMPTWNE_5,val,violence
..\data\raw\rwf2000\val\Val_Fight\I-QiUMPTWNE_6.avi,RWF-2000,I-QiUMPTWNE_6,val,violence
..\data\raw\rwf2000\val\Val_Fight\I-QiUMPTWNE_7.avi,RWF-2000,I-QiUMPTWNE_7,val,violence
..\data\raw\rwf2000\val\Val_Fight\I-QiUMPTWNE_8.avi,RWF-2000,I-QiUMPTWNE_8,val,violence
..\data\raw\rwf2000\val\Val_Fight\JECBfnp2ZXc_0.avi,RWF-2000,JECBfnp2ZXc_0,val,violence
..\data\raw\rwf2000\val\Val_Fight\JECBfnp2ZXc_1.avi,RWF-2000,JECBfnp2ZXc_1,val,violence
..\data\raw\rwf2000\val\Val_Fight\JECBfnp2ZXc_2.avi,RWF-2000,JECBfnp2ZXc_2,val,violence
..\data\raw\rwf2000\val\Val_Fight\JECBfnp2ZXc_3.avi,RWF-2000,JECBfnp2ZXc_3,val,violence
..\data\raw\rwf2000\val\Val_Fight\JECBfnp2ZXc_4.avi,RWF-2000,JECBfnp2ZXc_4,val,violence
..\data\raw\rwf2000\val\Val_Fight\JECBfnp2ZXc_5.avi,RWF-2000,JECBfnp2ZXc_5,val,violence
..\data\raw\rwf2000\val\Val_Fight\JECBfnp2ZXc_6.avi,RWF-2000,JECBfnp2ZXc_6,val,violence
..\data\raw\rwf2000\val\Val_Fight\mwuiYEBdkJs_0.avi,RWF-2000,mwuiYEBdkJs_0,val,violence
..\data\raw\rwf2000\val\Val_Fight\mwuiYEBdkJs_1.avi,RWF-2000,mwuiYEBdkJs_1,val,violence
..\data\raw\rwf2000\val\Val_Fight\mwuiYEBdkJs_2.avi,RWF-2000,mwuiYEBdkJs_2,val,violence
..\data\raw\rwf2000\val\Val_Fight\mwuiYEBdkJs_3.avi,RWF-2000,mwuiYEBdkJs_3,val,violence
..\data\raw\rwf2000\val\Val_Fight\mwuiYEBdkJs_4.avi,RWF-2000,mwuiYEBdkJs_4,val,violence
..\data\raw\rwf2000\val\Val_Fight\mwuiYEBdkJs_5.avi,RWF-2000,mwuiYEBdkJs_5,val,violence
..\data\raw\rwf2000\val\Val_Fight\MxkTo5F-nvU_0.avi,RWF-2000,MxkTo5F-nvU_0,val,violence
..\data\raw\rwf2000\val\Val_Fight\MxkTo5F-nvU_1.avi,RWF-2000,MxkTo5F-nvU_1,val,violence
..\data\raw\rwf2000\val\Val_Fight\MxkTo5F-nvU_2.avi,RWF-2000,MxkTo5F-nvU_2,val,violence
..\data\raw\rwf2000\val\Val_Fight\MxkTo5F-nvU_3.avi,RWF-2000,MxkTo5F-nvU_3,val,violence
..\data\raw\rwf2000\val\Val_Fight\MxkTo5F-nvU_4.avi,RWF-2000,MxkTo5F-nvU_4,val,violence
..\data\raw\rwf2000\val\Val_Fight\nuf-d5GugL0_0.avi,RWF-2000,nuf-d5GugL0_0,val,violence
..\data\raw\rwf2000\val\Val_Fight\nuf-d5GugL0_1.avi,RWF-2000,nuf-d5GugL0_1,val,violence
..\data\raw\rwf2000\val\Val_Fight\nuf-d5GugL0_10.avi,RWF-2000,nuf-d5GugL0_10,val,violence
..\data\raw\rwf2000\val\Val_Fight\nuf-d5GugL0_2.avi,RWF-2000,nuf-d5GugL0_2,val,violence
..\data\raw\rwf2000\val\Val_Fight\nuf-d5GugL0_3.avi,RWF-2000,nuf-d5GugL0_3,val,violence
..\data\raw\rwf2000\val\Val_Fight\nuf-d5GugL0_4.avi,RWF-2000,nuf-d5GugL0_4,val,violence
..\data\raw\rwf2000\val\Val_Fight\nuf-d5GugL0_5.avi,RWF-2000,nuf-d5GugL0_5,val,violence
..\data\raw\rwf2000\val\Val_Fight\nuf-d5GugL0_6.avi,RWF-2000,nuf-d5GugL0_6,val,violence
..\data\raw\rwf2000\val\Val_Fight\nuf-d5GugL0_7.avi,RWF-2000,nuf-d5GugL0_7,val,violence
..\data\raw\rwf2000\val\Val_Fight\nuf-d5GugL0_9.avi,RWF-2000,nuf-d5GugL0_9,val,violence
..\data\raw\rwf2000\val\Val_Fight\nVdn1krnTCQ_0.avi,RWF-2000,nVdn1krnTCQ_0,val,violence
..\data\raw\rwf2000\val\Val_Fight\nVdn1krnTCQ_1.avi,RWF-2000,nVdn1krnTCQ_1,val,violence
..\data\raw\rwf2000\val\Val_Fight\nVdn1krnTCQ_2.avi,RWF-2000,nVdn1krnTCQ_2,val,violence
..\data\raw\rwf2000\val\Val_Fight\nVdn1krnTCQ_3.avi,RWF-2000,nVdn1krnTCQ_3,val,violence
..\data\raw\rwf2000\val\Val_Fight\nVdn1krnTCQ_4.avi,RWF-2000,nVdn1krnTCQ_4,val,violence
..\data\raw\rwf2000\val\Val_Fight\nVdn1krnTCQ_6.avi,RWF-2000,nVdn1krnTCQ_6,val,violence
..\data\raw\rwf2000\val\Val_Fight\OvDMIkTb4XU_0.avi,RWF-2000,OvDMIkTb4XU_0,val,violence
..\data\raw\rwf2000\val\Val_Fight\OvDMIkTb4XU_1.avi,RWF-2000,OvDMIkTb4XU_1,val,violence
..\data\raw\rwf2000\val\Val_Fight\OvDMIkTb4XU_2.avi,RWF-2000,OvDMIkTb4XU_2,val,violence
..\data\raw\rwf2000\val\Val_Fight\OvDMIkTb4XU_3.avi,RWF-2000,OvDMIkTb4XU_3,val,violence
..\data\raw\rwf2000\val\Val_Fight\OvDMIkTb4XU_4.avi,RWF-2000,OvDMIkTb4XU_4,val,violence
..\data\raw\rwf2000\val\Val_Fight\Q0v2MB0b_0.avi,RWF-2000,Q0v2MB0b_0,val,violence
..\data\raw\rwf2000\val\Val_Fight\qaAclucigpY_0.avi,RWF-2000,qaAclucigpY_0,val,violence
..\data\raw\rwf2000\val\Val_Fight\qaAclucigpY_1.avi,RWF-2000,qaAclucigpY_1,val,violence
..\data\raw\rwf2000\val\Val_Fight\qaAclucigpY_2.avi,RWF-2000,qaAclucigpY_2,val,violence
..\data\raw\rwf2000\val\Val_Fight\qaAclucigpY_3.avi,RWF-2000,qaAclucigpY_3,val,violence
..\data\raw\rwf2000\val\Val_Fight\Qj3oZsaqNGE_0.avi,RWF-2000,Qj3oZsaqNGE_0,val,violence
..\data\raw\rwf2000\val\Val_Fight\Qj3oZsaqNGE_1.avi,RWF-2000,Qj3oZsaqNGE_1,val,violence
..\data\raw\rwf2000\val\Val_Fight\Qtcwz_K2Gvo_0.avi,RWF-2000,Qtcwz_K2Gvo_0,val,violence
..\data\raw\rwf2000\val\Val_Fight\Qtcwz_K2Gvo_1.avi,RWF-2000,Qtcwz_K2Gvo_1,val,violence
..\data\raw\rwf2000\val\Val_Fight\RETYTDF_523.avi,RWF-2000,RETYTDF_523,val,violence
..\data\raw\rwf2000\val\Val_Fight\RETYTDF_524.avi,RWF-2000,RETYTDF_524,val,violence
..\data\raw\rwf2000\val\Val_Fight\RIXaF_TkLlU_0.avi,RWF-2000,RIXaF_TkLlU_0,val,violence
..\data\raw\rwf2000\val\Val_Fight\RIXaF_TkLlU_1.avi,RWF-2000,RIXaF_TkLlU_1,val,violence
..\data\raw\rwf2000\val\Val_Fight\RIXaF_TkLlU_2.avi,RWF-2000,RIXaF_TkLlU_2,val,violence
..\data\raw\rwf2000\val\Val_Fight\RIXaF_TkLlU_3.avi,RWF-2000,RIXaF_TkLlU_3,val,violence
..\data\raw\rwf2000\val\Val_Fight\RIXaF_TkLlU_4.avi,RWF-2000,RIXaF_TkLlU_4,val,violence
..\data\raw\rwf2000\val\Val_Fight\RIXaF_TkLlU_5.avi,RWF-2000,RIXaF_TkLlU_5,val,violence
..\data\raw\rwf2000\val\Val_Fight\RTHTRS_697.avi,RWF-2000,RTHTRS_697,val,violence
..\data\raw\rwf2000\val\Val_Fight\RTHTRS_698.avi,RWF-2000,RTHTRS_698,val,violence
..\data\raw\rwf2000\val\Val_Fight\RTHTRS_699.avi,RWF-2000,RTHTRS_699,val,violence
..\data\raw\rwf2000\val\Val_Fight\RTHTRS_705.avi,RWF-2000,RTHTRS_705,val,violence
..\data\raw\rwf2000\val\Val_Fight\RTHTRS_706.avi,RWF-2000,RTHTRS_706,val,violence
..\data\raw\rwf2000\val\Val_Fight\RTHTRS_707.avi,RWF-2000,RTHTRS_707,val,violence
..\data\raw\rwf2000\val\Val_Fight\RTHTRS_717.avi,RWF-2000,RTHTRS_717,val,violence
..\data\raw\rwf2000\val\Val_Fight\RTHTRS_718.avi,RWF-2000,RTHTRS_718,val,violence
..\data\raw\rwf2000\val\Val_Fight\RTHTRS_719.avi,RWF-2000,RTHTRS_719,val,violence
..\data\raw\rwf2000\val\Val_Fight\RTHTRS_720.avi,RWF-2000,RTHTRS_720,val,violence
..\data\raw\rwf2000\val\Val_Fight\Ry5c1PbcIa0_0.avi,RWF-2000,Ry5c1PbcIa0_0,val,violence
..\data\raw\rwf2000\val\Val_Fight\SDFDSSDF_972.avi,RWF-2000,SDFDSSDF_972,val,violence
..\data\raw\rwf2000\val\Val_Fight\SDFDSSDF_973.avi,RWF-2000,SDFDSSDF_973,val,violence
..\data\raw\rwf2000\val\Val_Fight\SDFDSSDF_974.avi,RWF-2000,SDFDSSDF_974,val,violence
..\data\raw\rwf2000\val\Val_Fight\SDFDSSDF_976.avi,RWF-2000,SDFDSSDF_976,val,violence
..\data\raw\rwf2000\val\Val_Fight\SDFDSSDF_977.avi,RWF-2000,SDFDSSDF_977,val,violence
..\data\raw\rwf2000\val\Val_Fight\SDFDSSDF_978.avi,RWF-2000,SDFDSSDF_978,val,violence
..\data\raw\rwf2000\val\Val_Fight\SJRnWfHAx_E_0.avi,RWF-2000,SJRnWfHAx_E_0,val,violence
..\data\raw\rwf2000\val\Val_Fight\SJRnWfHAx_E_1.avi,RWF-2000,SJRnWfHAx_E_1,val,violence
..\data\raw\rwf2000\val\Val_Fight\SJRnWfHAx_E_2.avi,RWF-2000,SJRnWfHAx_E_2,val,violence
..\data\raw\rwf2000\val\Val_Fight\SJRnWfHAx_E_4.avi,RWF-2000,SJRnWfHAx_E_4,val,violence
..\data\raw\rwf2000\val\Val_Fight\tf_X7GtOGyE_0.avi,RWF-2000,tf_X7GtOGyE_0,val,violence
..\data\raw\rwf2000\val\Val_Fight\tf_X7GtOGyE_1.avi,RWF-2000,tf_X7GtOGyE_1,val,violence
..\data\raw\rwf2000\val\Val_Fight\tf_X7GtOGyE_2.avi,RWF-2000,tf_X7GtOGyE_2,val,violence
..\data\raw\rwf2000\val\Val_Fight\tf_X7GtOGyE_3.avi,RWF-2000,tf_X7GtOGyE_3,val,violence
..\data\raw\rwf2000\val\Val_Fight\trtrhrt_1039.avi,RWF-2000,trtrhrt_1039,val,violence
..\data\raw\rwf2000\val\Val_Fight\trtrhrt_1040.avi,RWF-2000,trtrhrt_1040,val,violence
..\data\raw\rwf2000\val\Val_Fight\trtrhrt_1048.avi,RWF-2000,trtrhrt_1048,val,violence
..\data\raw\rwf2000\val\Val_Fight\trtrhrt_1049.avi,RWF-2000,trtrhrt_1049,val,violence
..\data\raw\rwf2000\val\Val_Fight\trtrhrt_1050.avi,RWF-2000,trtrhrt_1050,val,violence
..\data\raw\rwf2000\val\Val_Fight\trtrhrt_1053.avi,RWF-2000,trtrhrt_1053,val,violence
..\data\raw\rwf2000\val\Val_Fight\trtrhrt_1054.avi,RWF-2000,trtrhrt_1054,val,violence
..\data\raw\rwf2000\val\Val_Fight\TYRFDVD_1104.avi,RWF-2000,TYRFDVD_1104,val,violence
..\data\raw\rwf2000\val\Val_Fight\TYRFDVD_1105.avi,RWF-2000,TYRFDVD_1105,val,violence
..\data\raw\rwf2000\val\Val_Fight\TYRFDVD_1106.avi,RWF-2000,TYRFDVD_1106,val,violence
..\data\raw\rwf2000\val\Val_Fight\TYRFDVD_1109.avi,RWF-2000,TYRFDVD_1109,val,violence
..\data\raw\rwf2000\val\Val_Fight\TYRFDVD_1110.avi,RWF-2000,TYRFDVD_1110,val,violence
..\data\raw\rwf2000\val\Val_Fight\TYRFDVD_1112.avi,RWF-2000,TYRFDVD_1112,val,violence
..\data\raw\rwf2000\val\Val_Fight\TYRFDVD_1113.avi,RWF-2000,TYRFDVD_1113,val,violence
..\data\raw\rwf2000\val\Val_Fight\v4dhdnsxiX4_0.avi,RWF-2000,v4dhdnsxiX4_0,val,violence
..\data\raw\rwf2000\val\Val_Fight\v4dhdnsxiX4_1.avi,RWF-2000,v4dhdnsxiX4_1,val,violence
..\data\raw\rwf2000\val\Val_Fight\v4dhdnsxiX4_2.avi,RWF-2000,v4dhdnsxiX4_2,val,violence
..\data\raw\rwf2000\val\Val_Fight\v4dhdnsxiX4_3.avi,RWF-2000,v4dhdnsxiX4_3,val,violence
..\data\raw\rwf2000\val\Val_Fight\Wq0BuA8GM84_0.avi,RWF-2000,Wq0BuA8GM84_0,val,violence
..\data\raw\rwf2000\val\Val_Fight\Xcd0v-KhKL4_0.avi,RWF-2000,Xcd0v-KhKL4_0,val,violence
..\data\raw\rwf2000\val\Val_Fight\xDjgfhGt-YA_0.avi,RWF-2000,xDjgfhGt-YA_0,val,violence
..\data\raw\rwf2000\val\Val_Fight\XM0NI7ZmwWM_0.avi,RWF-2000,XM0NI7ZmwWM_0,val,violence
..\data\raw\rwf2000\val\Val_Fight\XM0NI7ZmwWM_1.avi,RWF-2000,XM0NI7ZmwWM_1,val,violence
..\data\raw\rwf2000\val\Val_Fight\XM0NI7ZmwWM_2.avi,RWF-2000,XM0NI7ZmwWM_2,val,violence
..\data\raw\rwf2000\val\Val_Fight\XM0NI7ZmwWM_3.avi,RWF-2000,XM0NI7ZmwWM_3,val,violence
..\data\raw\rwf2000\val\Val_Fight\YDOJvzChqSg_0.avi,RWF-2000,YDOJvzChqSg_0,val,violence
..\data\raw\rwf2000\val\Val_Fight\YDOJvzChqSg_1.avi,RWF-2000,YDOJvzChqSg_1,val,violence
..\data\raw\rwf2000\val\Val_Fight\YDOJvzChqSg_2.avi,RWF-2000,YDOJvzChqSg_2,val,violence
..\data\raw\rwf2000\val\Val_Fight\YDOJvzChqSg_3.avi,RWF-2000,YDOJvzChqSg_3,val,violence
..\data\raw\rwf2000\val\Val_Fight\YDOJvzChqSg_4.avi,RWF-2000,YDOJvzChqSg_4,val,violence
..\data\raw\rwf2000\val\Val_Fight\y_vX9FtjLaQ_0.avi,RWF-2000,y_vX9FtjLaQ_0,val,violence
..\data\raw\rwf2000\val\Val_Fight\y_vX9FtjLaQ_1.avi,RWF-2000,y_vX9FtjLaQ_1,val,violence
..\data\raw\rwf2000\val\Val_Fight\y_vX9FtjLaQ_2.avi,RWF-2000,y_vX9FtjLaQ_2,val,violence
..\data\raw\rwf2000\val\Val_Fight\y_vX9FtjLaQ_3.avi,RWF-2000,y_vX9FtjLaQ_3,val,violence
..\data\raw\rwf2000\val\Val_Fight\y_vX9FtjLaQ_4.avi,RWF-2000,y_vX9FtjLaQ_4,val,violence
..\data\raw\rwf2000\val\Val_Fight\y_vX9FtjLaQ_5.avi,RWF-2000,y_vX9FtjLaQ_5,val,violence
..\data\raw\rwf2000\val\Val_Fight\y_vX9FtjLaQ_6.avi,RWF-2000,y_vX9FtjLaQ_6,val,violence
..\data\raw\rwf2000\val\Val_Fight\zOqs7Oh9oDM_0.avi,RWF-2000,zOqs7Oh9oDM_0,val,violence
..\data\raw\rwf2000\val\Val_Fight\zOqs7Oh9oDM_1.avi,RWF-2000,zOqs7Oh9oDM_1,val,violence
..\data\raw\rwf2000\val\Val_Fight\zOqs7Oh9oDM_2.avi,RWF-2000,zOqs7Oh9oDM_2,val,violence
..\data\raw\rwf2000\val\Val_Fight\zOqs7Oh9oDM_3.avi,RWF-2000,zOqs7Oh9oDM_3,val,violence
..\data\raw\rwf2000\val\Val_NonFight\10uSOcwS_0.avi,RWF-2000,10uSOcwS_0,val,nonviolence
..\data\raw\rwf2000\val\Val_NonFight\1AURh0Wj_0.avi,RWF-2000,1AURh0Wj_0,val,nonviolence
..\data\raw\rwf2000\val\Val_NonFight\1MVS2QPWbHc_0.avi,RWF-2000,1MVS2QPWbHc_0,val,nonviolence
..\data\raw\rwf2000\val\Val_NonFight\1MVS2QPWbHc_1.avi,RWF-2000,1MVS2QPWbHc_1,val,nonviolence
..\data\raw\rwf2000\val\Val_NonFight\1W8hsVvyKt4_0.avi,RWF-2000,1W8hsVvyKt4_0,val,nonviolence
..\data\raw\rwf2000\val\Val_NonFight\1W8hsVvyKt4_1.avi,RWF-2000,1W8hsVvyKt4_1,val,nonviolence
..\data\raw\rwf2000\val\Val_NonFight\1W8hsVvyKt4_2.avi,RWF-2000,1W8hsVvyKt4_2,val,nonviolence
..\data\raw\rwf2000\val\Val_NonFight\1W8hsVvyKt4_3.avi,RWF-2000,1W8hsVvyKt4_3,val,nonviolence
..\data\raw\rwf2000\val\Val_NonFight\2lrARl7utL4_0.avi,RWF-2000,2lrARl7utL4_0,val,nonviolence
..\data\raw\rwf2000\val\Val_NonFight\2lrARl7utL4_1.avi,RWF-2000,2lrARl7utL4_1,val,nonviolence
..\data\raw\rwf2000\val\Val_NonFight\2lrARl7utL4_2.avi,RWF-2000,2lrARl7utL4_2,val,nonviolence
..\data\raw\rwf2000\val\Val_NonFight\2qFnVnnZ_0.avi,RWF-2000,2qFnVnnZ_0,val,nonviolence
..\data\raw\rwf2000\val\Val_NonFight\32wXo9Dt_0.avi,RWF-2000,32wXo9Dt_0,val,nonviolence
..\data\raw\rwf2000\val\Val_NonFight\39BFeYnbu-I_0.avi,RWF-2000,39BFeYnbu-I_0,val,nonviolence
..\data\raw\rwf2000\val\Val_NonFight\4I1DGWsh_0.avi,RWF-2000,4I1DGWsh_0,val,nonviolence
..\data\raw\rwf2000\val\Val_NonFight\4p2iGvo8_0.avi,RWF-2000,4p2iGvo8_0,val,nonviolence
..\data\raw\rwf2000\val\Val_NonFight\66U2c3YMjOI_0.avi,RWF-2000,66U2c3YMjOI_0,val,nonviolence
..\data\raw\rwf2000\val\Val_NonFight\66U2c3YMjOI_1.avi,RWF-2000,66U2c3YMjOI_1,val,nonviolence
..\data\raw\rwf2000\val\Val_NonFight\6doZoiaG9PM_0.avi,RWF-2000,6doZoiaG9PM_0,val,nonviolence
..\data\raw\rwf2000\val\Val_NonFight\6doZoiaG9PM_1.avi,RWF-2000,6doZoiaG9PM_1,val,nonviolence
..\data\raw\rwf2000\val\Val_NonFight\6doZoiaG9PM_2.avi,RWF-2000,6doZoiaG9PM_2,val,nonviolence
..\data\raw\rwf2000\val\Val_NonFight\6doZoiaG9PM_3.avi,RWF-2000,6doZoiaG9PM_3,val,nonviolence
..\data\raw\rwf2000\val\Val_NonFight\6Rl7q_kXYbg_0.avi,RWF-2000,6Rl7q_kXYbg_0,val,nonviolence
..\data\raw\rwf2000\val\Val_NonFight\7emxm3za_0.avi,RWF-2000,7emxm3za_0,val,nonviolence
..\data\raw\rwf2000\val\Val_NonFight\7gLKFV5voOg_0.avi,RWF-2000,7gLKFV5voOg_0,val,nonviolence
..\data\raw\rwf2000\val\Val_NonFight\8m3onRfr_0.avi,RWF-2000,8m3onRfr_0,val,nonviolence
..\data\raw\rwf2000\val\Val_NonFight\8s3rES1a_0.avi,RWF-2000,8s3rES1a_0,val,nonviolence
..\data\raw\rwf2000\val\Val_NonFight\8SmT9rE9_0.avi,RWF-2000,8SmT9rE9_0,val,nonviolence
..\data\raw\rwf2000\val\Val_NonFight\8tWVjrUW_0.avi,RWF-2000,8tWVjrUW_0,val,nonviolence
..\data\raw\rwf2000\val\Val_NonFight\9JxNZtUK_0.avi,RWF-2000,9JxNZtUK_0,val,nonviolence
..\data\raw\rwf2000\val\Val_NonFight\9kly-mpQczg_0.avi,RWF-2000,9kly-mpQczg_0,val,nonviolence
..\data\raw\rwf2000\val\Val_NonFight\9kly-mpQczg_1.avi,RWF-2000,9kly-mpQczg_1,val,nonviolence
..\data\raw\rwf2000\val\Val_NonFight\A7FCl8G35Cs_0.avi,RWF-2000,A7FCl8G35Cs_0,val,nonviolence
..\data\raw\rwf2000\val\Val_NonFight\A7FCl8G35Cs_1.avi,RWF-2000,A7FCl8G35Cs_1,val,nonviolence
..\data\raw\rwf2000\val\Val_NonFight\Assault006_x264_0.avi,RWF-2000,Assault006_x264_0,val,nonviolence
..\data\raw\rwf2000\val\Val_NonFight\Assault006_x264_1.avi,RWF-2000,Assault006_x264_1,val,nonviolence
..\data\raw\rwf2000\val\Val_NonFight\aZxUVVqk_0.avi,RWF-2000,aZxUVVqk_0,val,nonviolence
..\data\raw\rwf2000\val\Val_NonFight\BOnEkkm1_0.avi,RWF-2000,BOnEkkm1_0,val,nonviolence
..\data\raw\rwf2000\val\Val_NonFight\Bp3wCVsS_0.avi,RWF-2000,Bp3wCVsS_0,val,nonviolence
..\data\raw\rwf2000\val\Val_NonFight\bW2vHhYbzHM_0.avi,RWF-2000,bW2vHhYbzHM_0,val,nonviolence
..\data\raw\rwf2000\val\Val_NonFight\bW2vHhYbzHM_1.avi,RWF-2000,bW2vHhYbzHM_1,val,nonviolence
..\data\raw\rwf2000\val\Val_NonFight\BySljls4_0.avi,RWF-2000,BySljls4_0,val,nonviolence
..\data\raw\rwf2000\val\Val_NonFight\cpFWuHXF_0.avi,RWF-2000,cpFWuHXF_0,val,nonviolence
..\data\raw\rwf2000\val\Val_NonFight\CrBTbDcb_0.avi,RWF-2000,CrBTbDcb_0,val,nonviolence
..\data\raw\rwf2000\val\Val_NonFight\Cw0HuNI5_0.avi,RWF-2000,Cw0HuNI5_0,val,nonviolence
..\data\raw\rwf2000\val\Val_NonFight\cw8fPfUL_0.avi,RWF-2000,cw8fPfUL_0,val,nonviolence
..\data\raw\rwf2000\val\Val_NonFight\DeCoZoey_0.avi,RWF-2000,DeCoZoey_0,val,nonviolence
..\data\raw\rwf2000\val\Val_NonFight\e8jli13nLaM_0.avi,RWF-2000,e8jli13nLaM_0,val,nonviolence
..\data\raw\rwf2000\val\Val_NonFight\E9SvEiNt_0.avi,RWF-2000,E9SvEiNt_0,val,nonviolence
..\data\raw\rwf2000\val\Val_NonFight\EB08Cq4t_0.avi,RWF-2000,EB08Cq4t_0,val,nonviolence
..\data\raw\rwf2000\val\Val_NonFight\eb4Oant1_0.avi,RWF-2000,eb4Oant1_0,val,nonviolence
..\data\raw\rwf2000\val\Val_NonFight\EFv961C5RgY_0.avi,RWF-2000,EFv961C5RgY_0,val,nonviolence
..\data\raw\rwf2000\val\Val_NonFight\egQvmVL2_0.avi,RWF-2000,egQvmVL2_0,val,nonviolence
..\data\raw\rwf2000\val\Val_NonFight\etyiEs3j8x8_0.avi,RWF-2000,etyiEs3j8x8_0,val,nonviolence
..\data\raw\rwf2000\val\Val_NonFight\etyiEs3j8x8_1.avi,RWF-2000,etyiEs3j8x8_1,val,nonviolence
..\data\raw\rwf2000\val\Val_NonFight\etyiEs3j8x8_2.avi,RWF-2000,etyiEs3j8x8_2,val,nonviolence
..\data\raw\rwf2000\val\Val_NonFight\F6kgeh23_0.avi,RWF-2000,F6kgeh23_0,val,nonviolence
..\data\raw\rwf2000\val\Val_NonFight\Fds7C6sp_0.avi,RWF-2000,Fds7C6sp_0,val,nonviolence
..\data\raw\rwf2000\val\Val_NonFight\fGyFpyjd_0.avi,RWF-2000,fGyFpyjd_0,val,nonviolence
..\data\raw\rwf2000\val\Val_NonFight\fO2vb61DcUk_0.avi,RWF-2000,fO2vb61DcUk_0,val,nonviolence
..\data\raw\rwf2000\val\Val_NonFight\fO2vb61DcUk_1.avi,RWF-2000,fO2vb61DcUk_1,val,nonviolence
..\data\raw\rwf2000\val\Val_NonFight\FpDZIe2z_0.avi,RWF-2000,FpDZIe2z_0,val,nonviolence
..\data\raw\rwf2000\val\Val_NonFight\Fwhi4UNI_0.avi,RWF-2000,Fwhi4UNI_0,val,nonviolence
..\data\raw\rwf2000\val\Val_NonFight\g7fqR4gn_0.avi,RWF-2000,g7fqR4gn_0,val,nonviolence
..\data\raw\rwf2000\val\Val_NonFight\g8SVNUCm_0.avi,RWF-2000,g8SVNUCm_0,val,nonviolence
..\data\raw\rwf2000\val\Val_NonFight\GCgD8AkV_0.avi,RWF-2000,GCgD8AkV_0,val,nonviolence
..\data\raw\rwf2000\val\Val_NonFight\gJV3TuKF_0.avi,RWF-2000,gJV3TuKF_0,val,nonviolence
..\data\raw\rwf2000\val\Val_NonFight\GXvqyqYi_0.avi,RWF-2000,GXvqyqYi_0,val,nonviolence
..\data\raw\rwf2000\val\Val_NonFight\GYvqfFzN_0.avi,RWF-2000,GYvqfFzN_0,val,nonviolence
..\data\raw\rwf2000\val\Val_NonFight\I-QiUMPTWNE_0.avi,RWF-2000,I-QiUMPTWNE_0,val,nonviolence
..\data\raw\rwf2000\val\Val_NonFight\I-QiUMPTWNE_1.avi,RWF-2000,I-QiUMPTWNE_1,val,nonviolence
..\data\raw\rwf2000\val\Val_NonFight\I-QiUMPTWNE_2.avi,RWF-2000,I-QiUMPTWNE_2,val,nonviolence
..\data\raw\rwf2000\val\Val_NonFight\I3rTHE3L_0.avi,RWF-2000,I3rTHE3L_0,val,nonviolence
..\data\raw\rwf2000\val\Val_NonFight\I9OYGpUd_0.avi,RWF-2000,I9OYGpUd_0,val,nonviolence
..\data\raw\rwf2000\val\Val_NonFight\iE9hzgQD_0.avi,RWF-2000,iE9hzgQD_0,val,nonviolence
..\data\raw\rwf2000\val\Val_NonFight\iJ5Q1tar_0.avi,RWF-2000,iJ5Q1tar_0,val,nonviolence
..\data\raw\rwf2000\val\Val_NonFight\IMA4zYs83Lo_0.avi,RWF-2000,IMA4zYs83Lo_0,val,nonviolence
..\data\raw\rwf2000\val\Val_NonFight\IvimSdBV_0.avi,RWF-2000,IvimSdBV_0,val,nonviolence
..\data\raw\rwf2000\val\Val_NonFight\JECBfnp2ZXc_0.avi,RWF-2000,JECBfnp2ZXc_0,val,nonviolence
..\data\raw\rwf2000\val\Val_NonFight\JECBfnp2ZXc_1.avi,RWF-2000,JECBfnp2ZXc_1,val,nonviolence
..\data\raw\rwf2000\val\Val_NonFight\JECBfnp2ZXc_2.avi,RWF-2000,JECBfnp2ZXc_2,val,nonviolence
..\data\raw\rwf2000\val\Val_NonFight\JOMXfA1R_0.avi,RWF-2000,JOMXfA1R_0,val,nonviolence
..\data\raw\rwf2000\val\Val_NonFight\jpYrguiW_0.avi,RWF-2000,jpYrguiW_0,val,nonviolence
..\data\raw\rwf2000\val\Val_NonFight\K4qpMWJS_0.avi,RWF-2000,K4qpMWJS_0,val,nonviolence
..\data\raw\rwf2000\val\Val_NonFight\kApoSGPK_0.avi,RWF-2000,kApoSGPK_0,val,nonviolence
..\data\raw\rwf2000\val\Val_NonFight\kMgCk8Ku_0.avi,RWF-2000,kMgCk8Ku_0,val,nonviolence
..\data\raw\rwf2000\val\Val_NonFight\l82NDOvk_0.avi,RWF-2000,l82NDOvk_0,val,nonviolence
..\data\raw\rwf2000\val\Val_NonFight\LKdiIccO_0.avi,RWF-2000,LKdiIccO_0,val,nonviolence
..\data\raw\rwf2000\val\Val_NonFight\LoQZojhn_0.avi,RWF-2000,LoQZojhn_0,val,nonviolence
..\data\raw\rwf2000\val\Val_NonFight\LruY67tu_0.avi,RWF-2000,LruY67tu_0,val,nonviolence
..\data\raw\rwf2000\val\Val_NonFight\LtfqEsod_0.avi,RWF-2000,LtfqEsod_0,val,nonviolence
..\data\raw\rwf2000\val\Val_NonFight\MrEU15Ug_0.avi,RWF-2000,MrEU15Ug_0,val,nonviolence
..\data\raw\rwf2000\val\Val_NonFight\mwuiYEBdkJs_0.avi,RWF-2000,mwuiYEBdkJs_0,val,nonviolence
..\data\raw\rwf2000\val\Val_NonFight\mwuiYEBdkJs_1.avi,RWF-2000,mwuiYEBdkJs_1,val,nonviolence
..\data\raw\rwf2000\val\Val_NonFight\MxkTo5F-nvU_0.avi,RWF-2000,MxkTo5F-nvU_0,val,nonviolence
..\data\raw\rwf2000\val\Val_NonFight\myaBOqJ3_0.avi,RWF-2000,myaBOqJ3_0,val,nonviolence
..\data\raw\rwf2000\val\Val_NonFight\N8M1mmW9_0.avi,RWF-2000,N8M1mmW9_0,val,nonviolence
..\data\raw\rwf2000\val\Val_NonFight\NeyOxUHJ_0.avi,RWF-2000,NeyOxUHJ_0,val,nonviolence
..\data\raw\rwf2000\val\Val_NonFight\ngv36FBY_0.avi,RWF-2000,ngv36FBY_0,val,nonviolence
..\data\raw\rwf2000\val\Val_NonFight\Nlopikk0zhE_0.avi,RWF-2000,Nlopikk0zhE_0,val,nonviolence
..\data\raw\rwf2000\val\Val_NonFight\NnUOjff0_0.avi,RWF-2000,NnUOjff0_0,val,nonviolence
..\data\raw\rwf2000\val\Val_NonFight\NoUdd8wq_0.avi,RWF-2000,NoUdd8wq_0,val,nonviolence
..\data\raw\rwf2000\val\Val_NonFight\NQpYodM6_0.avi,RWF-2000,NQpYodM6_0,val,nonviolence
..\data\raw\rwf2000\val\Val_NonFight\nTsOksk7_0.avi,RWF-2000,nTsOksk7_0,val,nonviolence
..\data\raw\rwf2000\val\Val_NonFight\nuf-d5GugL0_0.avi,RWF-2000,nuf-d5GugL0_0,val,nonviolence
..\data\raw\rwf2000\val\Val_NonFight\nuf-d5GugL0_1.avi,RWF-2000,nuf-d5GugL0_1,val,nonviolence
..\data\raw\rwf2000\val\Val_NonFight\nuf-d5GugL0_2.avi,RWF-2000,nuf-d5GugL0_2,val,nonviolence
..\data\raw\rwf2000\val\Val_NonFight\nVdn1krnTCQ_0.avi,RWF-2000,nVdn1krnTCQ_0,val,nonviolence
..\data\raw\rwf2000\val\Val_NonFight\nVdn1krnTCQ_1.avi,RWF-2000,nVdn1krnTCQ_1,val,nonviolence
..\data\raw\rwf2000\val\Val_NonFight\nVdn1krnTCQ_2.avi,RWF-2000,nVdn1krnTCQ_2,val,nonviolence
..\data\raw\rwf2000\val\Val_NonFight\NW4ndzCa_0.avi,RWF-2000,NW4ndzCa_0,val,nonviolence
..\data\raw\rwf2000\val\Val_NonFight\NWIc3Yat_0.avi,RWF-2000,NWIc3Yat_0,val,nonviolence
..\data\raw\rwf2000\val\Val_NonFight\NWqRgoGh_0.avi,RWF-2000,NWqRgoGh_0,val,nonviolence
..\data\raw\rwf2000\val\Val_NonFight\NYvOWjLU_0.avi,RWF-2000,NYvOWjLU_0,val,nonviolence
..\data\raw\rwf2000\val\Val_NonFight\O2rd3LTv_0.avi,RWF-2000,O2rd3LTv_0,val,nonviolence
..\data\raw\rwf2000\val\Val_NonFight\Ob0YCDgS_0.avi,RWF-2000,Ob0YCDgS_0,val,nonviolence
..\data\raw\rwf2000\val\Val_NonFight\ojZVUz7i_0.avi,RWF-2000,ojZVUz7i_0,val,nonviolence
..\data\raw\rwf2000\val\Val_NonFight\oXeSTCLT_0.avi,RWF-2000,oXeSTCLT_0,val,nonviolence
..\data\raw\rwf2000\val\Val_NonFight\PaTrwJbs_0.avi,RWF-2000,PaTrwJbs_0,val,nonviolence
..\data\raw\rwf2000\val\Val_NonFight\PL8idmS7_0.avi,RWF-2000,PL8idmS7_0,val,nonviolence
..\data\raw\rwf2000\val\Val_NonFight\PNgE-OKjhgU_0.avi,RWF-2000,PNgE-OKjhgU_0,val,nonviolence
..\data\raw\rwf2000\val\Val_NonFight\PNgE-OKjhgU_1.avi,RWF-2000,PNgE-OKjhgU_1,val,nonviolence
..\data\raw\rwf2000\val\Val_NonFight\q4jlVJRb_0.avi,RWF-2000,q4jlVJRb_0,val,nonviolence
..\data\raw\rwf2000\val\Val_NonFight\qaAclucigpY_0.avi,RWF-2000,qaAclucigpY_0,val,nonviolence
..\data\raw\rwf2000\val\Val_NonFight\qaAclucigpY_1.avi,RWF-2000,qaAclucigpY_1,val,nonviolence
..\data\raw\rwf2000\val\Val_NonFight\qaAclucigpY_2.avi,RWF-2000,qaAclucigpY_2,val,nonviolence
..\data\raw\rwf2000\val\Val_NonFight\qFfqTQm0_0.avi,RWF-2000,qFfqTQm0_0,val,nonviolence
..\data\raw\rwf2000\val\Val_NonFight\Qj3oZsaqNGE_0.avi,RWF-2000,Qj3oZsaqNGE_0,val,nonviolence
..\data\raw\rwf2000\val\Val_NonFight\QRJFLxqK_0.avi,RWF-2000,QRJFLxqK_0,val,nonviolence
..\data\raw\rwf2000\val\Val_NonFight\qyRJeYN5_0.avi,RWF-2000,qyRJeYN5_0,val,nonviolence
..\data\raw\rwf2000\val\Val_NonFight\r0mVR4J6_0.avi,RWF-2000,r0mVR4J6_0,val,nonviolence
..\data\raw\rwf2000\val\Val_NonFight\RIXaF_TkLlU_0.avi,RWF-2000,RIXaF_TkLlU_0,val,nonviolence
..\data\raw\rwf2000\val\Val_NonFight\RIXaF_TkLlU_1.avi,RWF-2000,RIXaF_TkLlU_1,val,nonviolence
..\data\raw\rwf2000\val\Val_NonFight\RIXaF_TkLlU_2.avi,RWF-2000,RIXaF_TkLlU_2,val,nonviolence
..\data\raw\rwf2000\val\Val_NonFight\rJbh1niy_0.avi,RWF-2000,rJbh1niy_0,val,nonviolence
..\data\raw\rwf2000\val\Val_NonFight\RQt37bnC_0.avi,RWF-2000,RQt37bnC_0,val,nonviolence
..\data\raw\rwf2000\val\Val_NonFight\rtSWit6k_0.avi,RWF-2000,rtSWit6k_0,val,nonviolence
..\data\raw\rwf2000\val\Val_NonFight\rwg8hp5X_0.avi,RWF-2000,rwg8hp5X_0,val,nonviolence
..\data\raw\rwf2000\val\Val_NonFight\Ry5c1PbcIa0_0.avi,RWF-2000,Ry5c1PbcIa0_0,val,nonviolence
..\data\raw\rwf2000\val\Val_NonFight\S8jXc3sP_0.avi,RWF-2000,S8jXc3sP_0,val,nonviolence
..\data\raw\rwf2000\val\Val_NonFight\scznszmE_0.avi,RWF-2000,scznszmE_0,val,nonviolence
..\data\raw\rwf2000\val\Val_NonFight\SJRnWfHAx_E_0.avi,RWF-2000,SJRnWfHAx_E_0,val,nonviolence
..\data\raw\rwf2000\val\Val_NonFight\SJRnWfHAx_E_1.avi,RWF-2000,SJRnWfHAx_E_1,val,nonviolence
..\data\raw\rwf2000\val\Val_NonFight\SJRnWfHAx_E_2.avi,RWF-2000,SJRnWfHAx_E_2,val,nonviolence
..\data\raw\rwf2000\val\Val_NonFight\tf_X7GtOGyE_0.avi,RWF-2000,tf_X7GtOGyE_0,val,nonviolence
..\data\raw\rwf2000\val\Val_NonFight\tf_X7GtOGyE_1.avi,RWF-2000,tf_X7GtOGyE_1,val,nonviolence
..\data\raw\rwf2000\val\Val_NonFight\tf_X7GtOGyE_2.avi,RWF-2000,tf_X7GtOGyE_2,val,nonviolence
..\data\raw\rwf2000\val\Val_NonFight\tivF4CAg_0.avi,RWF-2000,tivF4CAg_0,val,nonviolence
..\data\raw\rwf2000\val\Val_NonFight\TP6mtOzL_0.avi,RWF-2000,TP6mtOzL_0,val,nonviolence
..\data\raw\rwf2000\val\Val_NonFight\tSk5CEXB_0.avi,RWF-2000,tSk5CEXB_0,val,nonviolence
..\data\raw\rwf2000\val\Val_NonFight\twBrsDhF_0.avi,RWF-2000,twBrsDhF_0,val,nonviolence
..\data\raw\rwf2000\val\Val_NonFight\u-VcErKk6Qs_0.avi,RWF-2000,u-VcErKk6Qs_0,val,nonviolence
..\data\raw\rwf2000\val\Val_NonFight\UoS3KEYq_0.avi,RWF-2000,UoS3KEYq_0,val,nonviolence
..\data\raw\rwf2000\val\Val_NonFight\utRmPckr_0.avi,RWF-2000,utRmPckr_0,val,nonviolence
..\data\raw\rwf2000\val\Val_NonFight\uZLLdl2P_0.avi,RWF-2000,uZLLdl2P_0,val,nonviolence
..\data\raw\rwf2000\val\Val_NonFight\v1Sb6NhU_0.avi,RWF-2000,v1Sb6NhU_0,val,nonviolence
..\data\raw\rwf2000\val\Val_NonFight\v4dhdnsxiX4_0.avi,RWF-2000,v4dhdnsxiX4_0,val,nonviolence
..\data\raw\rwf2000\val\Val_NonFight\v4dhdnsxiX4_1.avi,RWF-2000,v4dhdnsxiX4_1,val,nonviolence
..\data\raw\rwf2000\val\Val_NonFight\v4dhdnsxiX4_2.avi,RWF-2000,v4dhdnsxiX4_2,val,nonviolence
..\data\raw\rwf2000\val\Val_NonFight\vAV3vIGr_0.avi,RWF-2000,vAV3vIGr_0,val,nonviolence
..\data\raw\rwf2000\val\Val_NonFight\vDeu44Su_0.avi,RWF-2000,vDeu44Su_0,val,nonviolence
..\data\raw\rwf2000\val\Val_NonFight\VF8M3gXp_0.avi,RWF-2000,VF8M3gXp_0,val,nonviolence
..\data\raw\rwf2000\val\Val_NonFight\VGKvz9qZ_0.avi,RWF-2000,VGKvz9qZ_0,val,nonviolence
..\data\raw\rwf2000\val\Val_NonFight\VIPpAkyG_0.avi,RWF-2000,VIPpAkyG_0,val,nonviolence
..\data\raw\rwf2000\val\Val_NonFight\vKUjLaXO_0.avi,RWF-2000,vKUjLaXO_0,val,nonviolence
..\data\raw\rwf2000\val\Val_NonFight\VtIQbKvy_0.avi,RWF-2000,VtIQbKvy_0,val,nonviolence
..\data\raw\rwf2000\val\Val_NonFight\VTOPSZvF_0.avi,RWF-2000,VTOPSZvF_0,val,nonviolence
..\data\raw\rwf2000\val\Val_NonFight\VVQBImyG_0.avi,RWF-2000,VVQBImyG_0,val,nonviolence
..\data\raw\rwf2000\val\Val_NonFight\vXGRa5D6_0.avi,RWF-2000,vXGRa5D6_0,val,nonviolence
..\data\raw\rwf2000\val\Val_NonFight\VzHfmJeI_0.avi,RWF-2000,VzHfmJeI_0,val,nonviolence
..\data\raw\rwf2000\val\Val_NonFight\w6VytllR_0.avi,RWF-2000,w6VytllR_0,val,nonviolence
..\data\raw\rwf2000\val\Val_NonFight\wMcODEtzJIA_0.avi,RWF-2000,wMcODEtzJIA_0,val,nonviolence
..\data\raw\rwf2000\val\Val_NonFight\wMcODEtzJIA_1.avi,RWF-2000,wMcODEtzJIA_1,val,nonviolence
..\data\raw\rwf2000\val\Val_NonFight\WPXtCPPS_0.avi,RWF-2000,WPXtCPPS_0,val,nonviolence
..\data\raw\rwf2000\val\Val_NonFight\Wq0BuA8GM84_0.avi,RWF-2000,Wq0BuA8GM84_0,val,nonviolence
..\data\raw\rwf2000\val\Val_NonFight\Wq0BuA8GM84_1.avi,RWF-2000,Wq0BuA8GM84_1,val,nonviolence
..\data\raw\rwf2000\val\Val_NonFight\wyLoweAn_9Q_0.avi,RWF-2000,wyLoweAn_9Q_0,val,nonviolence
..\data\raw\rwf2000\val\Val_NonFight\wyLoweAn_9Q_1.avi,RWF-2000,wyLoweAn_9Q_1,val,nonviolence
..\data\raw\rwf2000\val\Val_NonFight\Xcd0v-KhKL4_0.avi,RWF-2000,Xcd0v-KhKL4_0,val,nonviolence
..\data\raw\rwf2000\val\Val_NonFight\xRbCHA5YTi8_0.avi,RWF-2000,xRbCHA5YTi8_0,val,nonviolence
..\data\raw\rwf2000\val\Val_NonFight\xV69l7Vj_0.avi,RWF-2000,xV69l7Vj_0,val,nonviolence
..\data\raw\rwf2000\val\Val_NonFight\y2pGPMqikJg_0.avi,RWF-2000,y2pGPMqikJg_0,val,nonviolence
..\data\raw\rwf2000\val\Val_NonFight\y2pGPMqikJg_1.avi,RWF-2000,y2pGPMqikJg_1,val,nonviolence
..\data\raw\rwf2000\val\Val_NonFight\YDOJvzChqSg_0.avi,RWF-2000,YDOJvzChqSg_0,val,nonviolence
..\data\raw\rwf2000\val\Val_NonFight\Yf55ftZR_0.avi,RWF-2000,Yf55ftZR_0,val,nonviolence
..\data\raw\rwf2000\val\Val_NonFight\yFaADLZw_0.avi,RWF-2000,yFaADLZw_0,val,nonviolence
..\data\raw\rwf2000\val\Val_NonFight\YL1qlr23_0.avi,RWF-2000,YL1qlr23_0,val,nonviolence
..\data\raw\rwf2000\val\Val_NonFight\Yma07mlW_0.avi,RWF-2000,Yma07mlW_0,val,nonviolence
..\data\raw\rwf2000\val\Val_NonFight\yN11pFfP_0.avi,RWF-2000,yN11pFfP_0,val,nonviolence
..\data\raw\rwf2000\val\Val_NonFight\YukOkfIj_0.avi,RWF-2000,YukOkfIj_0,val,nonviolence
..\data\raw\rwf2000\val\Val_NonFight\YYCGcBuE_0.avi,RWF-2000,YYCGcBuE_0,val,nonviolence
..\data\raw\rwf2000\val\Val_NonFight\ZCa5f4yq_0.avi,RWF-2000,ZCa5f4yq_0,val,nonviolence
..\data\raw\rwf2000\val\Val_NonFight\ZCUy99AN_0.avi,RWF-2000,ZCUy99AN_0,val,nonviolence
..\data\raw\rwf2000\val\Val_NonFight\zGBzk5SeJOw_0.avi,RWF-2000,zGBzk5SeJOw_0,val,nonviolence
..\data\raw\rwf2000\val\Val_NonFight\zGBzk5SeJOw_1.avi,RWF-2000,zGBzk5SeJOw_1,val,nonviolence
..\data\raw\rwf2000\val\Val_NonFight\zMbmPG71_0.avi,RWF-2000,zMbmPG71_0,val,nonviolence
..\data\raw\rwf2000\val\Val_NonFight\zOqs7Oh9oDM_0.avi,RWF-2000,zOqs7Oh9oDM_0,val,nonviolence
..\data\raw\rwf2000\val\Val_NonFight\zsvJyWXp_0.avi,RWF-2000,zsvJyWXp_0,val,nonviolence
..\data\raw\rwf2000\val\Val_NonFight\zWevuNTR_0.avi,RWF-2000,zWevuNTR_0,val,nonviolence
..\data\raw\rwf2000\val\Val_NonFight\ZwhC7Kyg_0.avi,RWF-2000,ZwhC7Kyg_0,val,nonviolence
..\data\raw\violentflows\movies\1\NonViolence\football_crowds_cheering__Andres_Iniesta_Standing_Ovations__allas11__WKv7pmjgDeg.avi,Violent-Flows,football_crowds_cheering__Andres_Iniesta_Standing_Ovations__allas11__WKv7pmjgDeg,1,nonviolence
..\data\raw\violentflows\movies\1\NonViolence\football_crowds_cheering__Arkansas_vs_ULM_September_11_2010_Woo_Pig_Sooie__jayd243__RfMRWT.avi,Violent-Flows,football_crowds_cheering__Arkansas_vs_ULM_September_11_2010_Woo_Pig_Sooie__jayd243__RfMRWT,1,nonviolence
..\data\raw\violentflows\movies\1\NonViolence\football_crowds_cheering__Australia_vs_Ghana__cubicspacedivision__hy9sgs_Rzbg.avi,Violent-Flows,football_crowds_cheering__Australia_vs_Ghana__cubicspacedivision__hy9sgs_Rzbg,1,nonviolence
..\data\raw\violentflows\movies\1\NonViolence\football_crowds_cheering__Cal_Beats_Stanford_Big_Game_2002_short_low_res_version__belmonto.avi,Violent-Flows,football_crowds_cheering__Cal_Beats_Stanford_Big_Game_2002_short_low_res_version__belmonto,1,nonviolence
..\data\raw\violentflows\movies\1\NonViolence\football_crowds_cheering__Chang_Rai_United_Football_Match__goldfly___aTVnHfqClA.avi,Violent-Flows,football_crowds_cheering__Chang_Rai_United_Football_Match__goldfly___aTVnHfqClA,1,nonviolence
..\data\raw\violentflows\movies\1\NonViolence\football_crowds_cheering__FIFA_2010_USA_v_ENG_Dupont_Cirlce_Washington_DC__icallmyselfbria.avi,Violent-Flows,football_crowds_cheering__FIFA_2010_USA_v_ENG_Dupont_Cirlce_Washington_DC__icallmyselfbria,1,nonviolence
..\data\raw\violentflows\movies\1\NonViolence\football_crowds_cheering__football_game__banonit123__m5pMOoPH21w.avi,Violent-Flows,football_crowds_cheering__football_game__banonit123__m5pMOoPH21w,1,nonviolence
..\data\raw\violentflows\movies\1\NonViolence\football_crowds_cheering__Varsity_Football_Cardinal_O_Hara_vs_Roman_Catholic__Varsity365__.avi,Violent-Flows,football_crowds_cheering__Varsity_Football_Cardinal_O_Hara_vs_Roman_Catholic__Varsity365__,1,nonviolence
..\data\raw\violentflows\movies\1\NonViolence\football_crowds_cheering__Welcome_Home_ACC_Champions_part_A__jamesllvt__UGurBSFE8Es.avi,Violent-Flows,football_crowds_cheering__Welcome_Home_ACC_Champions_part_A__jamesllvt__UGurBSFE8Es,1,nonviolence
..\data\raw\violentflows\movies\1\NonViolence\football_crowds_cheering__World_Cup_2010_Korea_vs_Uruguay_Han_River_Seoul_Pre_game__vivach.avi,Violent-Flows,football_crowds_cheering__World_Cup_2010_Korea_vs_Uruguay_Han_River_Seoul_Pre_game__vivach,1,nonviolence
..\data\raw\violentflows\movies\1\NonViolence\football_crowds__Giants_of_Brazil_6_of_6__anandaliyanage__lq-GBA34iEI.avi,Violent-Flows,football_crowds__Giants_of_Brazil_6_of_6__anandaliyanage__lq-GBA34iEI,1,nonviolence
..\data\raw\violentflows\movies\1\NonViolence\football_crowds__MaximsNewsNetwork_SUDAN_ELECTIONS_YASIR_ARMAN_OMAR_AL_BASHIR_UNM.avi,Violent-Flows,football_crowds__MaximsNewsNetwork_SUDAN_ELECTIONS_YASIR_ARMAN_OMAR_AL_BASHIR_UNM,1,nonviolence
..\data\raw\violentflows\movies\1\NonViolence\football_crowds__USC_Football_Team_arriving_at_Lincoln_stadium_2007__jmsotojr__um.avi,Violent-Flows,football_crowds__USC_Football_Team_arriving_at_Lincoln_stadium_2007__jmsotojr__um,1,nonviolence
..\data\raw\violentflows\movies\1\NonViolence\football_crowds__Wrest_Point_Tassie_Devils_coming_off_the_field_in_their_final_ma.avi,Violent-Flows,football_crowds__Wrest_Point_Tassie_Devils_coming_off_the_field_in_their_final_ma,1,nonviolence
..\data\raw\violentflows\movies\1\NonViolence\peaceful_football_crowds__MaximsNewsNetwork_SUDAN_ELECTIONS_YASIR_ARMAN_OMAR_AL_BASHIR_UNM.avi,Violent-Flows,peaceful_football_crowds__MaximsNewsNetwork_SUDAN_ELECTIONS_YASIR_ARMAN_OMAR_AL_BASHIR_UNM,1,nonviolence
..\data\raw\violentflows\movies\1\NonViolence\stadium_crowds__Bands_talk_about_their_influences_from_Punk_s_Not_Dead__PNDmovie.avi,Violent-Flows,stadium_crowds__Bands_talk_about_their_influences_from_Punk_s_Not_Dead__PNDmovie,1,nonviolence
..\data\raw\violentflows\movies\1\NonViolence\stadium_crowds__Barnsley_FC_V_Swansea_City_FC_League_1_Play_off_Final_2006__stua.avi,Violent-Flows,stadium_crowds__Barnsley_FC_V_Swansea_City_FC_League_1_Play_off_Final_2006__stua,1,nonviolence
..\data\raw\violentflows\movies\1\NonViolence\stadium_crowds__bohemka_viktorka_I__averlaagen__FDu-Q6Q5OVk.avi,Violent-Flows,stadium_crowds__bohemka_viktorka_I__averlaagen__FDu-Q6Q5OVk,1,nonviolence
..\data\raw\violentflows\movies\1\NonViolence\stadium_crowds__Crowd_Footage__ADTom43__PbQywcwkxDM.avi,Violent-Flows,stadium_crowds__Crowd_Footage__ADTom43__PbQywcwkxDM,1,nonviolence
..\data\raw\violentflows\movies\1\NonViolence\stadium_crowds__Jump_Around_at_the_Camp_Randall_Outdoor_Hockey_Classic__ernste40.avi,Violent-Flows,stadium_crowds__Jump_Around_at_the_Camp_Randall_Outdoor_Hockey_Classic__ernste40,1,nonviolence
..\data\raw\violentflows\movies\1\NonViolence\stadium_crowds__MaximsNewsNetwork_ITALY_SPORT_SECURITY_UN__MaximsNewsNetwork__C-.avi,Violent-Flows,stadium_crowds__MaximsNewsNetwork_ITALY_SPORT_SECURITY_UN__MaximsNewsNetwork__C-,1,nonviolence
..\data\raw\violentflows\movies\1\NonViolence\stadium_crowds__Outside_Yankee_Stadium_Following_World_Series_Win_vs_Phillies_11.avi,Violent-Flows,stadium_crowds__Outside_Yankee_Stadium_Following_World_Series_Win_vs_Phillies_11,1,nonviolence
..\data\raw\violentflows\movies\1\NonViolence\stadium_crowds__Stadium_Footage__ADTom43__AQdZ2OTF7VA.avi,Violent-Flows,stadium_crowds__Stadium_Footage__ADTom43__AQdZ2OTF7VA,1,nonviolence
..\data\raw\violentflows\movies\1\NonViolence\stadium_crowds__USC_Football_Team_arriving_at_Lincoln_stadium_2007__jmsotojr__um.avi,Violent-Flows,stadium_crowds__USC_Football_Team_arriving_at_Lincoln_stadium_2007__jmsotojr__um,1,nonviolence
..\data\raw\violentflows\movies\1\NonViolence\stadium_crowds__Wales_Wonderful_Rugby_Win_1922__BFIfilms__Mb89swT_V3M.avi,Violent-Flows,stadium_crowds__Wales_Wonderful_Rugby_Win_1922__BFIfilms__Mb89swT_V3M,1,nonviolence
..\data\raw\violentflows\movies\1\Violence\balcony_football_violence__Brannik_Football_Violence__Nattevandring__ysW-tGv-YjI.avi,Violent-Flows,balcony_football_violence__Brannik_Football_Violence__Nattevandring__ysW-tGv-YjI,1,violence
..\data\raw\violentflows\movies\1\Violence\balcony_football_violence__British_Football_Hooligans_Mix_3__MorningGlory1997__kW23lUV6oFk.avi,Violent-Flows,balcony_football_violence__British_Football_Hooligans_Mix_3__MorningGlory1997__kW23lUV6oFk,1,violence
..\data\raw\violentflows\movies\1\Violence\crowd_violence__Man_Utd_vs_Roma_Crowd_Trouble__uncychris__ZGI5vlDMpJA.avi,Violent-Flows,crowd_violence__Man_Utd_vs_Roma_Crowd_Trouble__uncychris__ZGI5vlDMpJA,1,violence
..\data\raw\violentflows\movies\1\Violence\crowd_violence__Roma_V_Man_Utd_Police_beating_crowd__Beck84Utd__jwtg8AkcAfc.avi,Violent-Flows,crowd_violence__Roma_V_Man_Utd_Police_beating_crowd__Beck84Utd__jwtg8AkcAfc,1,violence
..\data\raw\violentflows\movies\1\Violence\fans_violence__Accidents_Fights_Violence_Tragedies_Hooligans_Football_Fights_HORRIBLE_THINGS__darkhero00__PgujG07PUq0.avi,Violent-Flows,fans_violence__Accidents_Fights_Violence_Tragedies_Hooligans_Football_Fights_HORRIBLE_THINGS__darkhero00__PgujG07PUq0,1,violence
..\data\raw\violentflows\movies\1\Violence\fans_violence__BRANNIK_Football_Violence_CSKA__Arpecua__gew9Ks_9VRU.avi,Violent-Flows,fans_violence__BRANNIK_Football_Violence_CSKA__Arpecua__gew9Ks_9VRU,1,violence
..\data\raw\violentflows\movies\1\Violence\fans_violence__Fans_Fighting_Roma_vs_Man_Utd__teafor22__oYikreK6ng4.avi,Violent-Flows,fans_violence__Fans_Fighting_Roma_vs_Man_Utd__teafor22__oYikreK6ng4,1,violence
..\data\raw\violentflows\movies\1\Violence\fans_violence__F_GHT_S_MORE_MPORTANT_THAN_FOOTBALL_sometimes__shevchenko776__9a616Ppoeak.avi,Violent-Flows,fans_violence__F_GHT_S_MORE_MPORTANT_THAN_FOOTBALL_sometimes__shevchenko776__9a616Ppoeak,1,violence
..\data\raw\violentflows\movies\1\Violence\fans_violence__Hockey_Fights_and_Fan_Brawls__dsnitris2007__XinJCGR7u6w.avi,Violent-Flows,fans_violence__Hockey_Fights_and_Fan_Brawls__dsnitris2007__XinJCGR7u6w,1,violence
..\data\raw\violentflows\movies\1\Violence\fans_violence__Marseille_World_Cup_fans_riot__tizwaz35__I9sUIDRjpoo.avi,Violent-Flows,fans_violence__Marseille_World_Cup_fans_riot__tizwaz35__I9sUIDRjpoo,1,violence
..\data\raw\violentflows\movies\1\Violence\fans_violence__Slovak_chauvinism_nationalism_extremism_intolerance_and_all_form.avi,Violent-Flows,fans_violence__Slovak_chauvinism_nationalism_extremism_intolerance_and_all_form,1,violence
..\data\raw\violentflows\movies\1\Violence\fans_violence__Tigers_Yob_Violence_Hull_Daily_Mail__AllMail__J_znZ1TJugw.avi,Violent-Flows,fans_violence__Tigers_Yob_Violence_Hull_Daily_Mail__AllMail__J_znZ1TJugw,1,violence
..\data\raw\violentflows\movies\1\Violence\football_violence__Accidents_Fights_Violence_Tragedies_Hooligans_Football_Fights_HORRIBLE_THINGS__darkhero00__PgujG07PUq0.avi,Violent-Flows,football_violence__Accidents_Fights_Violence_Tragedies_Hooligans_Football_Fights_HORRIBLE_THINGS__darkhero00__PgujG07PUq0,1,violence
..\data\raw\violentflows\movies\1\Violence\football_violence__baseball_hockey_football_soccer_violence__Zetrom69__aQ5nh4xRak0.avi,Violent-Flows,football_violence__baseball_hockey_football_soccer_violence__Zetrom69__aQ5nh4xRak0,1,violence
..\data\raw\violentflows\movies\1\Violence\football_violence__British_Football_Hooligans_Mix_3__MorningGlory1997__kW23lUV6oFk.avi,Violent-Flows,football_violence__British_Football_Hooligans_Mix_3__MorningGlory1997__kW23lUV6oFk,1,violence
..\data\raw\violentflows\movies\1\Violence\football_violence__Football_Hooligans_Hull_Pub_Brawl_News_Report__lancashirelads__--3xfJHXlOc.avi,Violent-Flows,football_violence__Football_Hooligans_Hull_Pub_Brawl_News_Report__lancashirelads__--3xfJHXlOc,1,violence
..\data\raw\violentflows\movies\1\Violence\football_violence__Polish_Hooligans__tigardojaja__YLSsmo2Glyk.avi,Violent-Flows,football_violence__Polish_Hooligans__tigardojaja__YLSsmo2Glyk,1,violence
..\data\raw\violentflows\movies\1\Violence\Hooligans_violence__5x5_russian_hooligans_fight__Parkhom__GnfpwW6sMkc.avi,Violent-Flows,Hooligans_violence__5x5_russian_hooligans_fight__Parkhom__GnfpwW6sMkc,1,violence
..\data\raw\violentflows\movies\1\Violence\Hooligans_violence__Accidents_Fights_Violence_Tragedies_Hooligans_Football_Fights_HORRIBLE_THINGS__darkhero00__PgujG07PUq0.avi,Violent-Flows,Hooligans_violence__Accidents_Fights_Violence_Tragedies_Hooligans_Football_Fights_HORRIBLE_THINGS__darkhero00__PgujG07PUq0,1,violence
..\data\raw\violentflows\movies\1\Violence\Hooligans_violence__ACHTUNG_skinheads_hooligans__WHITENGEL1488__H2xnId9vOo0.avi,Violent-Flows,Hooligans_violence__ACHTUNG_skinheads_hooligans__WHITENGEL1488__H2xnId9vOo0,1,violence
..\data\raw\violentflows\movies\1\Violence\Hooligans_violence__FENERBAHCE_ULTRAS_VS_COPS_VIOLENCE_RIOT__2maxpower1453__e7Bv5fTB.avi,Violent-Flows,Hooligans_violence__FENERBAHCE_ULTRAS_VS_COPS_VIOLENCE_RIOT__2maxpower1453__e7Bv5fTB,1,violence
..\data\raw\violentflows\movies\1\Violence\Hooligans_violence__Football_Hooligans_Hull_Pub_Brawl_News_Report__lancashirelads__--3xfJHXlOc.avi,Violent-Flows,Hooligans_violence__Football_Hooligans_Hull_Pub_Brawl_News_Report__lancashirelads__--3xfJHXlOc,1,violence
..\data\raw\violentflows\movies\1\Violence\Hooligans_violence__Football_hooligans_Reading_Swansea_1993__MrSmasherlad__9I7MpDQc82k.avi,Violent-Flows,Hooligans_violence__Football_hooligans_Reading_Swansea_1993__MrSmasherlad__9I7MpDQc82k,1,violence
..\data\raw\violentflows\movies\1\Violence\Hooligans_violence__Polish_Hooligans__tigardojaja__YLSsmo2Glyk.avi,Violent-Flows,Hooligans_violence__Polish_Hooligans__tigardojaja__YLSsmo2Glyk,1,violence
..\data\raw\violentflows\movies\1\Violence\soccer_violence__FENERBAHCE_ULTRAS_VS_COPS_VIOLENCE_RIOT__2maxpower1453__e7Bv5fTB.avi,Violent-Flows,soccer_violence__FENERBAHCE_ULTRAS_VS_COPS_VIOLENCE_RIOT__2maxpower1453__e7Bv5fTB,1,violence
..\data\raw\violentflows\movies\2\NonViolence\football_crowds_cheering__Alabama_Ole_Miss_08_Rammer_Jammer__jaydubya10__mviEzH28NiE.avi,Violent-Flows,football_crowds_cheering__Alabama_Ole_Miss_08_Rammer_Jammer__jaydubya10__mviEzH28NiE,2,nonviolence
..\data\raw\violentflows\movies\2\NonViolence\football_crowds_cheering__Cheering_the_Nod__DjOky__iwrZ7iOfXAA.avi,Violent-Flows,football_crowds_cheering__Cheering_the_Nod__DjOky__iwrZ7iOfXAA,2,nonviolence
..\data\raw\violentflows\movies\2\NonViolence\football_crowds_cheering__Crystal_cheering_on_the_Angels__jayskilove__NpCBQfC7TSc.avi,Violent-Flows,football_crowds_cheering__Crystal_cheering_on_the_Angels__jayskilove__NpCBQfC7TSc,2,nonviolence
..\data\raw\violentflows\movies\2\NonViolence\football_crowds_cheering__Jacksonville_Jaguar_Promo__joshlee1090__jIoVPOVXuww.avi,Violent-Flows,football_crowds_cheering__Jacksonville_Jaguar_Promo__joshlee1090__jIoVPOVXuww,2,nonviolence
..\data\raw\violentflows\movies\2\NonViolence\football_crowds_cheering__K_State_fans_chant_WE_OWN_TEXAS__rockCHOKE21__YVr3IdD6rpY.avi,Violent-Flows,football_crowds_cheering__K_State_fans_chant_WE_OWN_TEXAS__rockCHOKE21__YVr3IdD6rpY,2,nonviolence
..\data\raw\violentflows\movies\2\NonViolence\football_crowds_cheering__MAN_DROPS_BEER_STATE_OF_ORIGIN_2009__afhb2512__rLoVsCv00Ao.avi,Violent-Flows,football_crowds_cheering__MAN_DROPS_BEER_STATE_OF_ORIGIN_2009__afhb2512__rLoVsCv00Ao,2,nonviolence
..\data\raw\violentflows\movies\2\NonViolence\football_crowds_cheering__New_Mexico_Men_s_Soccer_Crowd_Atmosphere__menslobosoccer__us9aHz.avi,Violent-Flows,football_crowds_cheering__New_Mexico_Men_s_Soccer_Crowd_Atmosphere__menslobosoccer__us9aHz,2,nonviolence
..\data\raw\violentflows\movies\2\NonViolence\football_crowds_cheering__The_Ohio_State_University_Cheer__DEXTERTEEOHIO__FM9Jcpixqz0.avi,Violent-Flows,football_crowds_cheering__The_Ohio_State_University_Cheer__DEXTERTEEOHIO__FM9Jcpixqz0,2,nonviolence
..\data\raw\violentflows\movies\2\NonViolence\football_crowds_cheering__UF_Cheering_style__Playersgod__RaBmHs4MdLo.avi,Violent-Flows,football_crowds_cheering__UF_Cheering_style__Playersgod__RaBmHs4MdLo,2,nonviolence
..\data\raw\violentflows\movies\2\NonViolence\football_crowds__Both_crowds_Boca_vs_Internacionale__HansieC__ramrVUP0W0k.avi,Violent-Flows,football_crowds__Both_crowds_Boca_vs_Internacionale__HansieC__ramrVUP0W0k,2,nonviolence
..\data\raw\violentflows\movies\2\NonViolence\football_crowds__FIFA_World_Cup_The_Warriors_and_Magicians__SuperUdink__I2kOH7p48.avi,Violent-Flows,football_crowds__FIFA_World_Cup_The_Warriors_and_Magicians__SuperUdink__I2kOH7p48,2,nonviolence
..\data\raw\violentflows\movies\2\NonViolence\football_crowds__football_crowds__Anglia_News_Sport_Soccer_Football_FIFA_South_Africa_World_Cup_20.avi,Violent-Flows,football_crowds__football_crowds__Anglia_News_Sport_Soccer_Football_FIFA_South_Africa_World_Cup_20,2,nonviolence
..\data\raw\violentflows\movies\2\NonViolence\football_crowds__Giants_of_Brazil_5_of_6__anandaliyanage__5tw2pojykz8.avi,Violent-Flows,football_crowds__Giants_of_Brazil_5_of_6__anandaliyanage__5tw2pojykz8,2,nonviolence
..\data\raw\violentflows\movies\2\NonViolence\football_crowds__Love_is_in_the_air_DUFC_cup_final_Hampden_2010__tattoosyke__Afp7.avi,Violent-Flows,football_crowds__Love_is_in_the_air_DUFC_cup_final_Hampden_2010__tattoosyke__Afp7,2,nonviolence
..\data\raw\violentflows\movies\2\NonViolence\football_crowds__Massena_Central_High_School_Hall_Of_Fame_Football_Game_2009__joh.avi,Violent-Flows,football_crowds__Massena_Central_High_School_Hall_Of_Fame_Football_Game_2009__joh,2,nonviolence
..\data\raw\violentflows\movies\2\NonViolence\football_crowds__Nepal_U16_versus_Tajikistan_U16__ampr1150gs__xcn-9PxjnIE.avi,Violent-Flows,football_crowds__Nepal_U16_versus_Tajikistan_U16__ampr1150gs__xcn-9PxjnIE,2,nonviolence
..\data\raw\violentflows\movies\2\NonViolence\football_crowds__New_Mexico_Men_s_Soccer_Crowd_Atmosphere__menslobosoccer__us9aHz.avi,Violent-Flows,football_crowds__New_Mexico_Men_s_Soccer_Crowd_Atmosphere__menslobosoccer__us9aHz,2,nonviolence
..\data\raw\violentflows\movies\2\NonViolence\football_crowds__Poldi_Odonkor_und_Asamoah_singen_in_Berlin__indra1974__4TkcO2r0q.avi,Violent-Flows,football_crowds__Poldi_Odonkor_und_Asamoah_singen_in_Berlin__indra1974__4TkcO2r0q,2,nonviolence
..\data\raw\violentflows\movies\2\NonViolence\stadium_crowds__50000_people_in_a_stadium__simoncharlesspencerg__fLKom2IbDlg.avi,Violent-Flows,stadium_crowds__50000_people_in_a_stadium__simoncharlesspencerg__fLKom2IbDlg,2,nonviolence
..\data\raw\violentflows\movies\2\NonViolence\stadium_crowds__FIFA_World_Cup_The_Warriors_and_Magicians__SuperUdink__I2kOH7p48.avi,Violent-Flows,stadium_crowds__FIFA_World_Cup_The_Warriors_and_Magicians__SuperUdink__I2kOH7p48,2,nonviolence
..\data\raw\violentflows\movies\2\NonViolence\stadium_crowds__Iranian_Revolution_10th_Year_Anniversary__hijazna__PFZsW8I-GVY.avi,Violent-Flows,stadium_crowds__Iranian_Revolution_10th_Year_Anniversary__hijazna__PFZsW8I-GVY,2,nonviolence
..\data\raw\violentflows\movies\2\NonViolence\stadium_crowds__Life_in_a_Day_Cheering_in_a_crowd_of_44_000__TheMariaMcD__EnR2uY.avi,Violent-Flows,stadium_crowds__Life_in_a_Day_Cheering_in_a_crowd_of_44_000__TheMariaMcD__EnR2uY,2,nonviolence
..\data\raw\violentflows\movies\2\NonViolence\stadium_crowds__Match_Day_at_the_Stadium__loVedruggedz__Fgjj8OjcnWU.avi,Violent-Flows,stadium_crowds__Match_Day_at_the_Stadium__loVedruggedz__Fgjj8OjcnWU,2,nonviolence
..\data\raw\violentflows\movies\2\NonViolence\stadium_crowds__Mexican_Wave_at_Cape_Town_Stadium__mallix2000__oyESuDC-dl0.avi,Violent-Flows,stadium_crowds__Mexican_Wave_at_Cape_Town_Stadium__mallix2000__oyESuDC-dl0,2,nonviolence
..\data\raw\violentflows\movies\2\NonViolence\stadium_crowds__Police_drill_for_2010__CNN__0LP012X0yiA.avi,Violent-Flows,stadium_crowds__Police_drill_for_2010__CNN__0LP012X0yiA,2,nonviolence
..\data\raw\violentflows\movies\2\Violence\balcony_football_violence__Football_Hooligans_Bury_v_Stockport_1998__MorningGlory1997__g6p_k37oWws.avi,Violent-Flows,balcony_football_violence__Football_Hooligans_Bury_v_Stockport_1998__MorningGlory1997__g6p_k37oWws,2,violence
..\data\raw\violentflows\movies\2\Violence\balcony_football_violence__Football_Hooligans_Oxford_Utd_v_Aston_Villa_2002__MorningGlory1997__bWY8AQIFYXM.avi,Violent-Flows,balcony_football_violence__Football_Hooligans_Oxford_Utd_v_Aston_Villa_2002__MorningGlory1997__bWY8AQIFYXM,2,violence
..\data\raw\violentflows\movies\2\Violence\fans_violence__FootBall_Fans_Violence__xxxXLsDXxxx__EaCpQJLdxJ8.avi,Violent-Flows,fans_violence__FootBall_Fans_Violence__xxxXLsDXxxx__EaCpQJLdxJ8,2,violence
..\data\raw\violentflows\movies\2\Violence\fans_violence__Football_Hooligans_Preston_North_End_Mix__prestonparasoccer__qwrOc8xmlpY.avi,Violent-Flows,fans_violence__Football_Hooligans_Preston_North_End_Mix__prestonparasoccer__qwrOc8xmlpY,2,violence
..\data\raw\violentflows\movies\2\Violence\fans_violence__Hooligans_violence_in_stadiums_PART_1__yuossef5959__PPIP1AYJyXE.avi,Violent-Flows,fans_violence__Hooligans_violence_in_stadiums_PART_1__yuossef5959__PPIP1AYJyXE,2,violence
..\data\raw\violentflows\movies\2\Violence\fans_violence__IRAKLIS_FANS_OUTLAW__RESISTANCE1908__15XLSFN7mFs.avi,Violent-Flows,fans_violence__IRAKLIS_FANS_OUTLAW__RESISTANCE1908__15XLSFN7mFs,2,violence
..\data\raw\violentflows\movies\2\Violence\fans_violence__Roma_vs_Man_United_Police_violence_DANISH_TV__7Anotnac7__gIfgEwL.avi,Violent-Flows,fans_violence__Roma_vs_Man_United_Police_violence_DANISH_TV__7Anotnac7__gIfgEwL,2,violence
..\data\raw\violentflows\movies\2\Violence\fans_violence__Vanilla_Muffins_Chelsea_West_Ham_A_Look_At_Football_Violence__TheSicSociety__Qx0W0-0dDFQ.avi,Violent-Flows,fans_violence__Vanilla_Muffins_Chelsea_West_Ham_A_Look_At_Football_Violence__TheSicSociety__Qx0W0-0dDFQ,2,violence
..\data\raw\violentflows\movies\2\Violence\football_fans__FootBall_Fans_Violence__xxxXLsDXxxx__EaCpQJLdxJ8.avi,Violent-Flows,football_fans__FootBall_Fans_Violence__xxxXLsDXxxx__EaCpQJLdxJ8,2,violence
..\data\raw\violentflows\movies\2\Violence\football_fans__Football_Hooligans__ELGmedia__7by8qY2C258.avi,Violent-Flows,football_fans__Football_Hooligans__ELGmedia__7by8qY2C258,2,violence
..\data\raw\violentflows\movies\2\Violence\football_fans__World_football_compilation_ultras_players_hooligans_emotions__ex.avi,Violent-Flows,football_fans__World_football_compilation_ultras_players_hooligans_emotions__ex,2,violence
..\data\raw\violentflows\movies\2\Violence\football_violence__Football_hooligans_fighting_in_Helsinki_WCQL_Finland_Russia__f43344__n3yajhkWI6w.avi,Violent-Flows,football_violence__Football_hooligans_fighting_in_Helsinki_WCQL_Finland_Russia__f43344__n3yajhkWI6w,2,violence
..\data\raw\violentflows\movies\2\Violence\football_violence__Football_Hooligans_Man_City_v_Man_United_1989__lancashirelads__r.avi,Violent-Flows,football_violence__Football_Hooligans_Man_City_v_Man_United_1989__lancashirelads__r,2,violence
..\data\raw\violentflows\movies\2\Violence\football_violence__Football_Hooligans_Preston_North_End_Mix__prestonparasoccer__qwrOc8xmlpY.avi,Violent-Flows,football_violence__Football_Hooligans_Preston_North_End_Mix__prestonparasoccer__qwrOc8xmlpY,2,violence
..\data\raw\violentflows\movies\2\Violence\football_violence__Football_Hooligans_QPR_v_Luton_St_Pancras__prestonparasoccer__DNL6VlA3hnQ.avi,Violent-Flows,football_violence__Football_Hooligans_QPR_v_Luton_St_Pancras__prestonparasoccer__DNL6VlA3hnQ,2,violence
..\data\raw\violentflows\movies\2\Violence\football_violence__Football_Hooligans_Russia_v_England_News_Report__prestonparasocc.avi,Violent-Flows,football_violence__Football_Hooligans_Russia_v_England_News_Report__prestonparasocc,2,violence
..\data\raw\violentflows\movies\2\Violence\football_violence__football_match_violence__mld0491__WL6AUKgOYSs.avi,Violent-Flows,football_violence__football_match_violence__mld0491__WL6AUKgOYSs,2,violence
..\data\raw\violentflows\movies\2\Violence\football_violence__Football_Soccer_Hooligans_Movie_Scenes__mclarenfan04__KHP6fQdrFlE.avi,Violent-Flows,football_violence__Football_Soccer_Hooligans_Movie_Scenes__mclarenfan04__KHP6fQdrFlE,2,violence
..\data\raw\violentflows\movies\2\Violence\football_violence__Football_violence_3__reklamomand__SjUBX5K5QRo.avi,Violent-Flows,football_violence__Football_violence_3__reklamomand__SjUBX5K5QRo,2,violence
..\data\raw\violentflows\movies\2\Violence\football_violence__football_violence__Brannik_Football_Violence__Elbsturm1488__7NyYlQX-tiI.avi,Violent-Flows,football_violence__football_violence__Brannik_Football_Violence__Elbsturm1488__7NyYlQX-tiI,2,violence
..\data\raw\violentflows\movies\2\Violence\football_violence__FUCK_YOU_FOOTBALL_HOOLIGANS_FRENZY_PART1_SCOTLAND__W00FAM__Yy73o.avi,Violent-Flows,football_violence__FUCK_YOU_FOOTBALL_HOOLIGANS_FRENZY_PART1_SCOTLAND__W00FAM__Yy73o,2,violence
..\data\raw\violentflows\movies\2\Violence\football_violence__Hooligans_no_talk_just_fights_docu_part_04__haagsejef23__GcP3SiwkmGo.avi,Violent-Flows,football_violence__Hooligans_no_talk_just_fights_docu_part_04__haagsejef23__GcP3SiwkmGo,2,violence
..\data\raw\violentflows\movies\2\Violence\football_violence__Roma_vs_Man_United_Police_violence_DANISH_TV__7Anotnac7__gIfgEwL.avi,Violent-Flows,football_violence__Roma_vs_Man_United_Police_violence_DANISH_TV__7Anotnac7__gIfgEwL,2,violence
..\data\raw\violentflows\movies\2\Violence\Hooligans_violence__Football_Hooligans_QPR_v_Luton_St_Pancras__prestonparasoccer__DNL6VlA3hnQ.avi,Violent-Flows,Hooligans_violence__Football_Hooligans_QPR_v_Luton_St_Pancras__prestonparasoccer__DNL6VlA3hnQ,2,violence
..\data\raw\violentflows\movies\2\Violence\Hooligans_violence__Russian_Hooligans_Zenit_St_Petersburg__LordXavior__iMjISeT72vQ.avi,Violent-Flows,Hooligans_violence__Russian_Hooligans_Zenit_St_Petersburg__LordXavior__iMjISeT72vQ,2,violence
..\data\raw\violentflows\movies\3\NonViolence\balcony_football__birmingham_promoted_to_premier_from_balcony_town_hall__clippo67_.avi,Violent-Flows,balcony_football__birmingham_promoted_to_premier_from_balcony_town_hall__clippo67_,3,nonviolence
..\data\raw\violentflows\movies\3\NonViolence\football_crowds_cheering__9697_stadium_crowds__oddballfilmvideo__4onlltf20tE.avi,Violent-Flows,football_crowds_cheering__9697_stadium_crowds__oddballfilmvideo__4onlltf20tE,3,nonviolence
..\data\raw\violentflows\movies\3\NonViolence\football_crowds_cheering__Brisbane_Lions_v_Carlton_Blues_The_Gabba_5_Sept_2009__jacktion19.avi,Violent-Flows,football_crowds_cheering__Brisbane_Lions_v_Carlton_Blues_The_Gabba_5_Sept_2009__jacktion19,3,nonviolence
..\data\raw\violentflows\movies\3\NonViolence\football_crowds_cheering__Cheering_EAHS_JV_Win__GoAlvarezEagles__Ya-N2JawEyc.avi,Violent-Flows,football_crowds_cheering__Cheering_EAHS_JV_Win__GoAlvarezEagles__Ya-N2JawEyc,3,nonviolence
..\data\raw\violentflows\movies\3\NonViolence\football_crowds_cheering__Day_254_of_2010_Washington_Huskies_First_Half__shinystuffff__H3x.avi,Violent-Flows,football_crowds_cheering__Day_254_of_2010_Washington_Huskies_First_Half__shinystuffff__H3x,3,nonviolence
..\data\raw\violentflows\movies\3\NonViolence\football_crowds_cheering__Hajduk_Split_vs_Dinamo_Zagreb_28_May_2009_Croatia_Cup_Final__jay.avi,Violent-Flows,football_crowds_cheering__Hajduk_Split_vs_Dinamo_Zagreb_28_May_2009_Croatia_Cup_Final__jay,3,nonviolence
..\data\raw\violentflows\movies\3\NonViolence\football_crowds_cheering__Inside_the_Iowa_Spirit_Squads__uimediaproduction__V365Mro2t88.avi,Violent-Flows,football_crowds_cheering__Inside_the_Iowa_Spirit_Squads__uimediaproduction__V365Mro2t88,3,nonviolence
..\data\raw\violentflows\movies\3\NonViolence\football_crowds_cheering__IU_Football_travels_to_Michigan__wtiu__GkRsT40daQ0.avi,Violent-Flows,football_crowds_cheering__IU_Football_travels_to_Michigan__wtiu__GkRsT40daQ0,3,nonviolence
..\data\raw\violentflows\movies\3\NonViolence\football_crowds_cheering__I_O_W_A__temery16__EDS_jct18FA.avi,Violent-Flows,football_crowds_cheering__I_O_W_A__temery16__EDS_jct18FA,3,nonviolence
..\data\raw\violentflows\movies\3\NonViolence\football_crowds_cheering__Jon_and_JJ_The_Elder_Crowd__jonandjj__NCFv0XMyvUk.avi,Violent-Flows,football_crowds_cheering__Jon_and_JJ_The_Elder_Crowd__jonandjj__NCFv0XMyvUk,3,nonviolence
..\data\raw\violentflows\movies\3\NonViolence\football_crowds_cheering__Oregon_Ducks_vs_USC_Trojans_10_31_09__thatssnorthwest__9f0fI4-sF.avi,Violent-Flows,football_crowds_cheering__Oregon_Ducks_vs_USC_Trojans_10_31_09__thatssnorthwest__9f0fI4-sF,3,nonviolence
..\data\raw\violentflows\movies\3\NonViolence\football_crowds_cheering__Tallest_Cup_Stack_in_Football_Fan_History__break__ofi003Eec_E.avi,Violent-Flows,football_crowds_cheering__Tallest_Cup_Stack_in_Football_Fan_History__break__ofi003Eec_E,3,nonviolence
..\data\raw\violentflows\movies\3\NonViolence\football_crowds_cheering__The_Greatest_Game_of_the_Year__MarcelloMussarela__lmJVKXUQPJA.avi,Violent-Flows,football_crowds_cheering__The_Greatest_Game_of_the_Year__MarcelloMussarela__lmJVKXUQPJA,3,nonviolence
..\data\raw\violentflows\movies\3\NonViolence\football_crowds_cheering__Totally_Stupid_Footballers_Series_1_Episode_5_An_Ending_With_A_H.avi,Violent-Flows,football_crowds_cheering__Totally_Stupid_Footballers_Series_1_Episode_5_An_Ending_With_A_H,3,nonviolence
..\data\raw\violentflows\movies\3\NonViolence\football_crowds_cheering__World_Cup_2010_Korea_vs_Uruguay_Han_River_Seoul_Korea_Ties_Game_.avi,Violent-Flows,football_crowds_cheering__World_Cup_2010_Korea_vs_Uruguay_Han_River_Seoul_Korea_Ties_Game_,3,nonviolence
..\data\raw\violentflows\movies\3\NonViolence\football_crowds__Anglia_News_Sport_Soccer_Football_FIFA_South_Africa_World_Cup_2010_The_Vuvuzela__anglianewseast__3JrtWmyk-Do.avi,Violent-Flows,football_crowds__Anglia_News_Sport_Soccer_Football_FIFA_South_Africa_World_Cup_2010_The_Vuvuzela__anglianewseast__3JrtWmyk-Do,3,nonviolence
..\data\raw\violentflows\movies\3\NonViolence\football_crowds__ASB_SHOW_HOMECOMING_VIDEO_2010__deweesbrofilms__RUAVfS2OyX0.avi,Violent-Flows,football_crowds__ASB_SHOW_HOMECOMING_VIDEO_2010__deweesbrofilms__RUAVfS2OyX0,3,nonviolence
..\data\raw\violentflows\movies\3\NonViolence\football_crowds__Egypt_2_0_Algeria_World_Cup_2010__Azariful__joItnDgUGUc.avi,Violent-Flows,football_crowds__Egypt_2_0_Algeria_World_Cup_2010__Azariful__joItnDgUGUc,3,nonviolence
..\data\raw\violentflows\movies\3\NonViolence\football_crowds__Inside_the_Iowa_Spirit_Squads__uimediaproduction__V365Mro2t88.avi,Violent-Flows,football_crowds__Inside_the_Iowa_Spirit_Squads__uimediaproduction__V365Mro2t88,3,nonviolence
..\data\raw\violentflows\movies\3\NonViolence\football_crowds__Love_for_the_local_game__NTVKenya__52tfgLRJ2TA.avi,Violent-Flows,football_crowds__Love_for_the_local_game__NTVKenya__52tfgLRJ2TA,3,nonviolence
..\data\raw\violentflows\movies\3\NonViolence\stadium_crowds__2010_Probowl__SuperBowlWayne64__5aG92ySPbag.avi,Violent-Flows,stadium_crowds__2010_Probowl__SuperBowlWayne64__5aG92ySPbag,3,nonviolence
..\data\raw\violentflows\movies\3\NonViolence\stadium_crowds__BullDOgs_SoNG_aNd_VidEO_REMixed_NRL_CHAMPIONS_remix_of_BLue_WhiT.avi,Violent-Flows,stadium_crowds__BullDOgs_SoNG_aNd_VidEO_REMixed_NRL_CHAMPIONS_remix_of_BLue_WhiT,3,nonviolence
..\data\raw\violentflows\movies\3\NonViolence\stadium_crowds__Egypt_2_0_Algeria_World_Cup_2010__Azariful__joItnDgUGUc.avi,Violent-Flows,stadium_crowds__Egypt_2_0_Algeria_World_Cup_2010__Azariful__joItnDgUGUc,3,nonviolence
..\data\raw\violentflows\movies\3\NonViolence\stadium_crowds__Inside_the_Iowa_Spirit_Squads__uimediaproduction__V365Mro2t88.avi,Violent-Flows,stadium_crowds__Inside_the_Iowa_Spirit_Squads__uimediaproduction__V365Mro2t88,3,nonviolence
..\data\raw\violentflows\movies\3\NonViolence\stadium_crowds__MASSIVE_mexican_Wave_at_state_of_origin_game_2_2010__MELfunkshun.avi,Violent-Flows,stadium_crowds__MASSIVE_mexican_Wave_at_state_of_origin_game_2_2010__MELfunkshun,3,nonviolence
..\data\raw\violentflows\movies\3\Violence\audience_violence__Riot_police_attack_peaceful_protesters_at_G20_Climate_Camp__bristlekrs__t244-zEENSs.avi,Violent-Flows,audience_violence__Riot_police_attack_peaceful_protesters_at_G20_Climate_Camp__bristlekrs__t244-zEENSs,3,violence
..\data\raw\violentflows\movies\3\Violence\balcony_football_violence__British_Football_Hooligans_Mix_1__MorningGlory1997__pn6CNLi3UhA.avi,Violent-Flows,balcony_football_violence__British_Football_Hooligans_Mix_1__MorningGlory1997__pn6CNLi3UhA,3,violence
..\data\raw\violentflows\movies\3\Violence\balcony_football_violence__Football_Violence_Gais_AIK_2005__spliffpolitics__e4xiTNkfN0U.avi,Violent-Flows,balcony_football_violence__Football_Violence_Gais_AIK_2005__spliffpolitics__e4xiTNkfN0U,3,violence
..\data\raw\violentflows\movies\3\Violence\crowd_violence__Violence_At_Upton_Park_25_08_09__JunaidNixamani__MgXe0isUnSg.avi,Violent-Flows,crowd_violence__Violence_At_Upton_Park_25_08_09__JunaidNixamani__MgXe0isUnSg,3,violence
..\data\raw\violentflows\movies\3\Violence\fans_violence__Football_Violence_From_England_And_Netherlands__spliffpolitics__anRuF6MBO-s.avi,Violent-Flows,fans_violence__Football_Violence_From_England_And_Netherlands__spliffpolitics__anRuF6MBO-s,3,violence
..\data\raw\violentflows\movies\3\Violence\fans_violence__Violence_after_bball_game__shlomipr__WSFdO3em2I8.avi,Violent-Flows,fans_violence__Violence_after_bball_game__shlomipr__WSFdO3em2I8,3,violence
..\data\raw\violentflows\movies\3\Violence\football_violence__ardcore_hooligans__bigmunro60__9tkj8gtIoNM.avi,Violent-Flows,football_violence__ardcore_hooligans__bigmunro60__9tkj8gtIoNM,3,violence
..\data\raw\violentflows\movies\3\Violence\football_violence__A_Town_Called_Football_by_Nil_Satis__louderthanyourface__Ptvoh4L_FxY.avi,Violent-Flows,football_violence__A_Town_Called_Football_by_Nil_Satis__louderthanyourface__Ptvoh4L_FxY,3,violence
..\data\raw\violentflows\movies\3\Violence\football_violence__Brutal_fight_of_the_hooligans_in_Europe__CocaineBaron__ctbwtUZfhY4.avi,Violent-Flows,football_violence__Brutal_fight_of_the_hooligans_in_Europe__CocaineBaron__ctbwtUZfhY4,3,violence
..\data\raw\violentflows\movies\3\Violence\football_violence__Football_Hooligans_Carlisle_v_Preston_1993__prestonparasoccer__JfLHSqKm9zg.avi,Violent-Flows,football_violence__Football_Hooligans_Carlisle_v_Preston_1993__prestonparasoccer__JfLHSqKm9zg,3,violence
..\data\raw\violentflows\movies\3\Violence\football_violence__Football_Hooligans_Finland_v_Russia_World_Cup_Qualifier_June_2009__lancashirelads__SmxsnplMtb8.avi,Violent-Flows,football_violence__Football_Hooligans_Finland_v_Russia_World_Cup_Qualifier_June_2009__lancashirelads__SmxsnplMtb8,3,violence
..\data\raw\violentflows\movies\3\Violence\football_violence__Football_hooligans_Watford_Luton_2002__MrSmasherlad__ClZOLHYj_7Y.avi,Violent-Flows,football_violence__Football_hooligans_Watford_Luton_2002__MrSmasherlad__ClZOLHYj_7Y,3,violence
..\data\raw\violentflows\movies\3\Violence\football_violence__Football_Violence_Gais_AIK_2005__spliffpolitics__e4xiTNkfN0U.avi,Violent-Flows,football_violence__Football_Violence_Gais_AIK_2005__spliffpolitics__e4xiTNkfN0U,3,violence
..\data\raw\violentflows\movies\3\Violence\football_violence__Football_violence__lamufle__ucUm3sb39Cs.avi,Violent-Flows,football_violence__Football_violence__lamufle__ucUm3sb39Cs,3,violence
..\data\raw\violentflows\movies\3\Violence\football_violence__FUCK_YOU_FOOTBALL_HOOLIGANS_RUSSIA_and_UKRAINE_part1__W00FAM__DB.avi,Violent-Flows,football_violence__FUCK_YOU_FOOTBALL_HOOLIGANS_RUSSIA_and_UKRAINE_part1__W00FAM__DB,3,violence
..\data\raw\violentflows\movies\3\Violence\football_violence__HOOLIGANS__mscs01__YWE3lKNm8aA.avi,Violent-Flows,football_violence__HOOLIGANS__mscs01__YWE3lKNm8aA,3,violence
..\data\raw\violentflows\movies\3\Violence\football_violence__Violence_and_fascism_in_Ukrainian_football__soroktri43__eG8qryFn.avi,Violent-Flows,football_violence__Violence_and_fascism_in_Ukrainian_football__soroktri43__eG8qryFn,3,violence
..\data\raw\violentflows\movies\3\Violence\group_violence__group_violence__football_violence__aliiie__qfKD35PYwok.avi,Violent-Flows,group_violence__group_violence__football_violence__aliiie__qfKD35PYwok,3,violence
..\data\raw\violentflows\movies\3\Violence\Hooligans_violence__Croatia_Hooligans__EXB04__JQrSRtqoU_I.avi,Violent-Flows,Hooligans_violence__Croatia_Hooligans__EXB04__JQrSRtqoU_I,3,violence
..\data\raw\violentflows\movies\3\Violence\Hooligans_violence__Football_Hooligans_Carlisle_v_Preston_1993__prestonparasoccer__J.avi,Violent-Flows,Hooligans_violence__Football_Hooligans_Carlisle_v_Preston_1993__prestonparasoccer__J,3,violence
..\data\raw\violentflows\movies\3\Violence\Hooligans_violence__Football_Hooligans_Finland_v_Russia_World_Cup_Qualifier_June_2009__lancashirelads__SmxsnplMtb8.avi,Violent-Flows,Hooligans_violence__Football_Hooligans_Finland_v_Russia_World_Cup_Qualifier_June_2009__lancashirelads__SmxsnplMtb8,3,violence
..\data\raw\violentflows\movies\3\Violence\Hooligans_violence__FOOTBALL_HOOLIGANS_WEST_HAM_v_MILLWALL_AUGUST_2009_LONGER_VERSIO.avi,Violent-Flows,Hooligans_violence__FOOTBALL_HOOLIGANS_WEST_HAM_v_MILLWALL_AUGUST_2009_LONGER_VERSIO,3,violence
..\data\raw\violentflows\movies\3\Violence\Hooligans_violence__Hooligans_war_in_Russian_vk__artemorlik__6UNj6fEgz8U.avi,Violent-Flows,Hooligans_violence__Hooligans_war_in_Russian_vk__artemorlik__6UNj6fEgz8U,3,violence
..\data\raw\violentflows\movies\3\Violence\soccer_violence__HOOLIGANS__mscs01__YWE3lKNm8aA.avi,Violent-Flows,soccer_violence__HOOLIGANS__mscs01__YWE3lKNm8aA,3,violence
..\data\raw\violentflows\movies\3\Violence\soccer_violence__Soccer_Hooligans_Clash_Unbelievable_Rumble__OrionEdWood__8DCP_E_J8A0.avi,Violent-Flows,soccer_violence__Soccer_Hooligans_Clash_Unbelievable_Rumble__OrionEdWood__8DCP_E_J8A0,3,violence
..\data\raw\violentflows\movies\4\NonViolence\balcony_football__Seoul_vs_Dae_Gu_Futbol_Roman_Candles__JOECORE__bbpgvaM2sxs.avi,Violent-Flows,balcony_football__Seoul_vs_Dae_Gu_Futbol_Roman_Candles__JOECORE__bbpgvaM2sxs,4,nonviolence
..\data\raw\violentflows\movies\4\NonViolence\football_crowds_cheering__Buddy_kicks_100_goals_Hawthorn_vs_Carlton__Greaperman__BlUgh2qDj.avi,Violent-Flows,football_crowds_cheering__Buddy_kicks_100_goals_Hawthorn_vs_Carlton__Greaperman__BlUgh2qDj,4,nonviolence
..\data\raw\violentflows\movies\4\NonViolence\football_crowds_cheering__Cheering_in_the_dawg_pack_as_game_gets_under_way__hometownkid__p.avi,Violent-Flows,football_crowds_cheering__Cheering_in_the_dawg_pack_as_game_gets_under_way__hometownkid__p,4,nonviolence
..\data\raw\violentflows\movies\4\NonViolence\football_crowds_cheering__Drill_Team_cheering_2_9_24_09__GHSClassOf09__qX4tQ1OHw3c.avi,Violent-Flows,football_crowds_cheering__Drill_Team_cheering_2_9_24_09__GHSClassOf09__qX4tQ1OHw3c,4,nonviolence
..\data\raw\violentflows\movies\4\NonViolence\football_crowds_cheering__Hamburg_Fan_Party_Opening_Match_World_Cup_2006__Dee162__6ROznW9c.avi,Violent-Flows,football_crowds_cheering__Hamburg_Fan_Party_Opening_Match_World_Cup_2006__Dee162__6ROznW9c,4,nonviolence
..\data\raw\violentflows\movies\4\NonViolence\football_crowds_cheering__Jaguars_vs_Broncos_in_HD__misspfaff__LPM8ONCnh2g.avi,Violent-Flows,football_crowds_cheering__Jaguars_vs_Broncos_in_HD__misspfaff__LPM8ONCnh2g,4,nonviolence
..\data\raw\violentflows\movies\4\NonViolence\football_crowds_cheering__larson_is_welcomed_to_OT__mc4566__sBVBkxmK3VY.avi,Violent-Flows,football_crowds_cheering__larson_is_welcomed_to_OT__mc4566__sBVBkxmK3VY,4,nonviolence
..\data\raw\violentflows\movies\4\NonViolence\football_crowds_cheering__Scenes_from_Friday_s_ESPN_College_Game_Day_at_UK__UKSGREAT__dXA5.avi,Violent-Flows,football_crowds_cheering__Scenes_from_Friday_s_ESPN_College_Game_Day_at_UK__UKSGREAT__dXA5,4,nonviolence
..\data\raw\violentflows\movies\4\NonViolence\football_crowds_cheering__Spartans_What_Is_Your_Profession_Chant__PaulWaLL4EvR__KeWNYvvINZ.avi,Violent-Flows,football_crowds_cheering__Spartans_What_Is_Your_Profession_Chant__PaulWaLL4EvR__KeWNYvvINZ,4,nonviolence
..\data\raw\violentflows\movies\4\NonViolence\football_crowds_cheering__Sunderland_Goal_against_Wigan__adamfearman__yXSc-kCWBjY.avi,Violent-Flows,football_crowds_cheering__Sunderland_Goal_against_Wigan__adamfearman__yXSc-kCWBjY,4,nonviolence
..\data\raw\violentflows\movies\4\NonViolence\football_crowds_cheering__Vanier_Cup_2009_Queen_s_Gaels_vs_Calgary_Dinos_HD__Treps___J5TDF.avi,Violent-Flows,football_crowds_cheering__Vanier_Cup_2009_Queen_s_Gaels_vs_Calgary_Dinos_HD__Treps___J5TDF,4,nonviolence
..\data\raw\violentflows\movies\4\NonViolence\football_crowds_cheering__Varsity_Football_Conestoga_at_Ridley__Varsity365__wR3tNpXRcYg.avi,Violent-Flows,football_crowds_cheering__Varsity_Football_Conestoga_at_Ridley__Varsity365__wR3tNpXRcYg,4,nonviolence
..\data\raw\violentflows\movies\4\NonViolence\football_crowds__HARRY_KEWELL_SCORES_CROWD_GO_NUTS__phillipstama__K7qlpU7tMhQ.avi,Violent-Flows,football_crowds__HARRY_KEWELL_SCORES_CROWD_GO_NUTS__phillipstama__K7qlpU7tMhQ,4,nonviolence
..\data\raw\violentflows\movies\4\NonViolence\football_crowds__Maracana_Football_Crowd_Atmosphere__thetravelmap__xfi3rvFKIPU.avi,Violent-Flows,football_crowds__Maracana_Football_Crowd_Atmosphere__thetravelmap__xfi3rvFKIPU,4,nonviolence
..\data\raw\violentflows\movies\4\NonViolence\football_crowds__rangers_v_celtic__Milneadona__OOWpL4wKIAA.avi,Violent-Flows,football_crowds__rangers_v_celtic__Milneadona__OOWpL4wKIAA,4,nonviolence
..\data\raw\violentflows\movies\4\NonViolence\football_crowds__Spain_World_Cup_team_receives_hero_s_welcome__timesofearth__Pz3z.avi,Violent-Flows,football_crowds__Spain_World_Cup_team_receives_hero_s_welcome__timesofearth__Pz3z,4,nonviolence
..\data\raw\violentflows\movies\4\NonViolence\stadium_crowds__Azan_el_Maghrib_to_calm_the_crowds_in_Cairo_stadium_Egypt_14_nov.avi,Violent-Flows,stadium_crowds__Azan_el_Maghrib_to_calm_the_crowds_in_Cairo_stadium_Egypt_14_nov,4,nonviolence
..\data\raw\violentflows\movies\4\NonViolence\stadium_crowds__FBR_Open_16th_Hole_Highlights__TheFBROpen__zJHVTcnGzcI.avi,Violent-Flows,stadium_crowds__FBR_Open_16th_Hole_Highlights__TheFBROpen__zJHVTcnGzcI,4,nonviolence
..\data\raw\violentflows\movies\4\NonViolence\stadium_crowds__Feel_the_buzz_of_Croke_Park__DiscoverGAA__bCYSflQwc7o.avi,Violent-Flows,stadium_crowds__Feel_the_buzz_of_Croke_Park__DiscoverGAA__bCYSflQwc7o,4,nonviolence
..\data\raw\violentflows\movies\4\NonViolence\stadium_crowds__Fulltime_at_Scottish_Cup_Final_Hampden_2010__tattoosyke__7JhKy66.avi,Violent-Flows,stadium_crowds__Fulltime_at_Scottish_Cup_Final_Hampden_2010__tattoosyke__7JhKy66,4,nonviolence
..\data\raw\violentflows\movies\4\NonViolence\stadium_crowds__HARRY_KEWELL_SCORES_CROWD_GO_NUTS__phillipstama__K7qlpU7tMhQ.avi,Violent-Flows,stadium_crowds__HARRY_KEWELL_SCORES_CROWD_GO_NUTS__phillipstama__K7qlpU7tMhQ,4,nonviolence
..\data\raw\violentflows\movies\4\NonViolence\stadium_crowds__Maracana_Football_Crowd_Atmosphere__thetravelmap__xfi3rvFKIPU.avi,Violent-Flows,stadium_crowds__Maracana_Football_Crowd_Atmosphere__thetravelmap__xfi3rvFKIPU,4,nonviolence
..\data\raw\violentflows\movies\4\NonViolence\stadium_crowds__Rutgers_tackles_traffic__tvjersey__j623HU58M8U.avi,Violent-Flows,stadium_crowds__Rutgers_tackles_traffic__tvjersey__j623HU58M8U,4,nonviolence
..\data\raw\violentflows\movies\4\NonViolence\stadium_crowds__Yankee_Stadium_wave_5_2_08__NYlightning__g_CJ1A636kg.avi,Violent-Flows,stadium_crowds__Yankee_Stadium_wave_5_2_08__NYlightning__g_CJ1A636kg,4,nonviolence
..\data\raw\violentflows\movies\4\Violence\balcony_football_violence__Football_Hooligans_Leeds_v_Wolves_2005__MorningGlory1997__f66MTrNLPL0.avi,Violent-Flows,balcony_football_violence__Football_Hooligans_Leeds_v_Wolves_2005__MorningGlory1997__f66MTrNLPL0,4,violence
..\data\raw\violentflows\movies\4\Violence\balcony_football_violence__Football_Hooligans_Watford_v_Luton_2002_Version_1__MorningGlory1997__vLOTaR9eMlg.avi,Violent-Flows,balcony_football_violence__Football_Hooligans_Watford_v_Luton_2002_Version_1__MorningGlory1997__vLOTaR9eMlg,4,violence
..\data\raw\violentflows\movies\4\Violence\balcony_football_violence__Football_Hooligans_Watford_v_Luton_2002_Version_2__MorningGlory1997__1XbY1Sr2Obw.avi,Violent-Flows,balcony_football_violence__Football_Hooligans_Watford_v_Luton_2002_Version_2__MorningGlory1997__1XbY1Sr2Obw,4,violence
..\data\raw\violentflows\movies\4\Violence\crowd_violence__Crowd_Violence_Control_techniques__mackevster__wkva5YERsRg.avi,Violent-Flows,crowd_violence__Crowd_Violence_Control_techniques__mackevster__wkva5YERsRg,4,violence
..\data\raw\violentflows\movies\4\Violence\crowd_violence__FooTBaLL_Violence__dyster8__iN4kiCHg2S4.avi,Violent-Flows,crowd_violence__FooTBaLL_Violence__dyster8__iN4kiCHg2S4,4,violence
..\data\raw\violentflows\movies\4\Violence\crowd_violence__Rostock_Anti_G8_Demo_Police_Violence__erikaransom__f185olt6W4I.avi,Violent-Flows,crowd_violence__Rostock_Anti_G8_Demo_Police_Violence__erikaransom__f185olt6W4I,4,violence
..\data\raw\violentflows\movies\4\Violence\fans_violence__English_Hooligans_vs_Turkey_Ultras__Vandal83__J8S2-pGz8ao.avi,Violent-Flows,fans_violence__English_Hooligans_vs_Turkey_Ultras__Vandal83__J8S2-pGz8ao,4,violence
..\data\raw\violentflows\movies\4\Violence\fans_violence__Football_Hooligans_Watford_v_Luton_2002_Version_1__MorningGlory1997__vLOTaR9eMlg.avi,Violent-Flows,fans_violence__Football_Hooligans_Watford_v_Luton_2002_Version_1__MorningGlory1997__vLOTaR9eMlg,4,violence
..\data\raw\violentflows\movies\4\Violence\football_violence__Football_Hooligans_Leeds_v_Wolves_2005__MorningGlory1997__f66MTrNLPL0.avi,Violent-Flows,football_violence__Football_Hooligans_Leeds_v_Wolves_2005__MorningGlory1997__f66MTrNLPL0,4,violence
..\data\raw\violentflows\movies\4\Violence\football_violence__Football_Hooligans_Watford_v_Luton_2002_Version_1__MorningGlory1997__vLOTaR9eMlg.avi,Violent-Flows,football_violence__Football_Hooligans_Watford_v_Luton_2002_Version_1__MorningGlory1997__vLOTaR9eMlg,4,violence
..\data\raw\violentflows\movies\4\Violence\football_violence__project_d_football_violence__henkiejwt__MFDeI2bK2Pk.avi,Violent-Flows,football_violence__project_d_football_violence__henkiejwt__MFDeI2bK2Pk,4,violence
..\data\raw\violentflows\movies\4\Violence\Hooligans_violence__Football_Hooligans_Preston_V_Bradford_2003__eliteborg__NLtW_TzoQm4.avi,Violent-Flows,Hooligans_violence__Football_Hooligans_Preston_V_Bradford_2003__eliteborg__NLtW_TzoQm4,4,violence
..\data\raw\violentflows\movies\4\Violence\Hooligans_violence__FUCK_YOU_FOOTBALL_HOOLIGANS_RUSSIA_and_UKRAINE_part1__W00FAM__DB9PSdrfulE.avi,Violent-Flows,Hooligans_violence__FUCK_YOU_FOOTBALL_HOOLIGANS_RUSSIA_and_UKRAINE_part1__W00FAM__DB9PSdrfulE,4,violence
..\data\raw\violentflows\movies\4\Violence\Hooligans_violence__Hooligans_Untold_Story_Part_2__UltrasHooligansFilms__BXBtZwzv3EI.avi,Violent-Flows,Hooligans_violence__Hooligans_Untold_Story_Part_2__UltrasHooligansFilms__BXBtZwzv3EI,4,violence
..\data\raw\violentflows\movies\4\Violence\Hooligans_violence__Koudlam_See_you_All__panrecord__nFWgiZxnz7o.avi,Violent-Flows,Hooligans_violence__Koudlam_See_you_All__panrecord__nFWgiZxnz7o,4,violence
..\data\raw\violentflows\movies\4\Violence\soccer_violence__Chinese_kungfu_soccer__crazyzibe__Gsrc7AXC_kI.avi,Violent-Flows,soccer_violence__Chinese_kungfu_soccer__crazyzibe__Gsrc7AXC_kI,4,violence
..\data\raw\violentflows\movies\4\Violence\soccer_violence__Football_Hooligans_Preston_North_End_Mix__prestonparasoccer__qwr.avi,Violent-Flows,soccer_violence__Football_Hooligans_Preston_North_End_Mix__prestonparasoccer__qwr,4,violence
..\data\raw\violentflows\movies\4\Violence\soccer_violence__Football_riots__madlu__OpgL3ZlF-gg.avi,Violent-Flows,soccer_violence__Football_riots__madlu__OpgL3ZlF-gg,4,violence
..\data\raw\violentflows\movies\4\Violence\soccer_violence__FOOTBALL_WARS__negronera18__JRyQYbq9Zr4.avi,Violent-Flows,soccer_violence__FOOTBALL_WARS__negronera18__JRyQYbq9Zr4,4,violence
..\data\raw\violentflows\movies\4\Violence\soccer_violence__hu_hu_hu_hooligans__misom0000__w_p6cBeTHkg.avi,Violent-Flows,soccer_violence__hu_hu_hu_hooligans__misom0000__w_p6cBeTHkg,4,violence
..\data\raw\violentflows\movies\4\Violence\soccer_violence__SCC_gets_owned_by_real_football_fans__JayFCAK47__32N5pojPfV8.avi,Violent-Flows,soccer_violence__SCC_gets_owned_by_real_football_fans__JayFCAK47__32N5pojPfV8,4,violence
..\data\raw\violentflows\movies\4\Violence\stadium_violence__Panathinaikos_Olympiakos_96_97_riots__GWF13__xW_LC_siwQo.avi,Violent-Flows,stadium_violence__Panathinaikos_Olympiakos_96_97_riots__GWF13__xW_LC_siwQo,4,violence
..\data\raw\violentflows\movies\4\Violence\stadium_violence__soccer_riot_compilation__qqcolaman__URwiZLZipeg.avi,Violent-Flows,stadium_violence__soccer_riot_compilation__qqcolaman__URwiZLZipeg,4,violence
..\data\raw\violentflows\movies\4\Violence\stadium_violence__stadium_violence__Barras_Argentinas__alebb77__en5llVbjq20.avi,Violent-Flows,stadium_violence__stadium_violence__Barras_Argentinas__alebb77__en5llVbjq20,4,violence
..\data\raw\violentflows\movies\5\NonViolence\football_crowds_cheering__Alabama_vs_San_Jose_State__marlincaddell__RqdBKczKyA4.avi,Violent-Flows,football_crowds_cheering__Alabama_vs_San_Jose_State__marlincaddell__RqdBKczKyA4,5,nonviolence
..\data\raw\violentflows\movies\5\NonViolence\football_crowds_cheering__Cougar_Football__montanhaf100__tZMx6fr49H0.avi,Violent-Flows,football_crowds_cheering__Cougar_Football__montanhaf100__tZMx6fr49H0,5,nonviolence
..\data\raw\violentflows\movies\5\NonViolence\football_crowds_cheering__Ghana_stars_in_heroes_reception__NTVKenya__RXQA-gagvKI.avi,Violent-Flows,football_crowds_cheering__Ghana_stars_in_heroes_reception__NTVKenya__RXQA-gagvKI,5,nonviolence
..\data\raw\violentflows\movies\5\NonViolence\football_crowds_cheering__Goldfellas_GT_vs_Maryland_1999_Crowd_Shot__tonyanddanielleoliva__xiCWDdaUSbg.avi,Violent-Flows,football_crowds_cheering__Goldfellas_GT_vs_Maryland_1999_Crowd_Shot__tonyanddanielleoliva__xiCWDdaUSbg,5,nonviolence
..\data\raw\violentflows\movies\5\NonViolence\football_crowds_cheering__Human_LCD_Close_Up_Video_SOUTH_KOREA__rnqhdtnr__7Jgkm2pdWgY.avi,Violent-Flows,football_crowds_cheering__Human_LCD_Close_Up_Video_SOUTH_KOREA__rnqhdtnr__7Jgkm2pdWgY,5,nonviolence
..\data\raw\violentflows\movies\5\NonViolence\football_crowds_cheering__Kickoff_in_Camp_Randall__spt414__bEZahnaRpmQ.avi,Violent-Flows,football_crowds_cheering__Kickoff_in_Camp_Randall__spt414__bEZahnaRpmQ,5,nonviolence
..\data\raw\violentflows\movies\5\NonViolence\football_crowds_cheering__LIVE_SQUAD_Morgan_State_University_Band_Pep_Club__DShock17__2x96.avi,Violent-Flows,football_crowds_cheering__LIVE_SQUAD_Morgan_State_University_Band_Pep_Club__DShock17__2x96,5,nonviolence
..\data\raw\violentflows\movies\5\NonViolence\football_crowds_cheering__LSU_Game_Day__LSU__dyxtnGpQ3lg.avi,Violent-Flows,football_crowds_cheering__LSU_Game_Day__LSU__dyxtnGpQ3lg,5,nonviolence
..\data\raw\violentflows\movies\5\NonViolence\football_crowds_cheering__mu_beats_ku_victory_celebration__brennanhobart__q7ANQ6HCRIU.avi,Violent-Flows,football_crowds_cheering__mu_beats_ku_victory_celebration__brennanhobart__q7ANQ6HCRIU,5,nonviolence
..\data\raw\violentflows\movies\5\NonViolence\football_crowds_cheering__Penn_State_Crowd__mam1042__-yp5n8JJ-zA.avi,Violent-Flows,football_crowds_cheering__Penn_State_Crowd__mam1042__-yp5n8JJ-zA,5,nonviolence
..\data\raw\violentflows\movies\5\NonViolence\football_crowds_cheering__rowdy_crowd_at_Football_game__andyisalive__RWnAoJdeXsE.avi,Violent-Flows,football_crowds_cheering__rowdy_crowd_at_Football_game__andyisalive__RWnAoJdeXsE,5,nonviolence
..\data\raw\violentflows\movies\5\NonViolence\football_crowds_cheering__Sandy_Creek_High_School_Football__cartmanspeedzone__jpX-DHradPo.avi,Violent-Flows,football_crowds_cheering__Sandy_Creek_High_School_Football__cartmanspeedzone__jpX-DHradPo,5,nonviolence
..\data\raw\violentflows\movies\5\NonViolence\football_crowds_cheering__TCU_Fans_Cheer_The_Biggest_Crowd_In_TCU_History_at_Amon_Carter_S.avi,Violent-Flows,football_crowds_cheering__TCU_Fans_Cheer_The_Biggest_Crowd_In_TCU_History_at_Amon_Carter_S,5,nonviolence
..\data\raw\violentflows\movies\5\NonViolence\football_crowds_cheering__The_Crowd__Rosiercentral__aqIzMGff5ak.avi,Violent-Flows,football_crowds_cheering__The_Crowd__Rosiercentral__aqIzMGff5ak,5,nonviolence
..\data\raw\violentflows\movies\5\NonViolence\football_crowds_cheering__The_Wave_at_The_Big_Game__contron__DBQaM3PVLqA.avi,Violent-Flows,football_crowds_cheering__The_Wave_at_The_Big_Game__contron__DBQaM3PVLqA,5,nonviolence
..\data\raw\violentflows\movies\5\NonViolence\football_crowds__2008_Penn_State_Football_Crowd_Pump_Up_Video__rmcmillen50__rQB1R.avi,Violent-Flows,football_crowds__2008_Penn_State_Football_Crowd_Pump_Up_Video__rmcmillen50__rQB1R,5,nonviolence
..\data\raw\violentflows\movies\5\NonViolence\football_crowds__Brazilian_Football__WELLBRAN__kKRw-i7pukY.avi,Violent-Flows,football_crowds__Brazilian_Football__WELLBRAN__kKRw-i7pukY,5,nonviolence
..\data\raw\violentflows\movies\5\NonViolence\football_crowds__Brisbane_Lions_vs_Melbourne_Demons_The_Gabba__StudyinBrisbane__Y.avi,Violent-Flows,football_crowds__Brisbane_Lions_vs_Melbourne_Demons_The_Gabba__StudyinBrisbane__Y,5,nonviolence
..\data\raw\violentflows\movies\5\NonViolence\football_crowds__F_A_Cup_Final_2010_Clips_Lifestyle_Video__JPettsProductions__Kvt.avi,Violent-Flows,football_crowds__F_A_Cup_Final_2010_Clips_Lifestyle_Video__JPettsProductions__Kvt,5,nonviolence
..\data\raw\violentflows\movies\5\NonViolence\stadium_crowds__2008_Penn_State_Football_Crowd_Pump_Up_Video__rmcmillen50__rQB1R.avi,Violent-Flows,stadium_crowds__2008_Penn_State_Football_Crowd_Pump_Up_Video__rmcmillen50__rQB1R,5,nonviolence
..\data\raw\violentflows\movies\5\NonViolence\stadium_crowds__Bowman_Gray_New_Tourist_Destination__WXIItv__FIdbB90Dr2o.avi,Violent-Flows,stadium_crowds__Bowman_Gray_New_Tourist_Destination__WXIItv__FIdbB90Dr2o,5,nonviolence
..\data\raw\violentflows\movies\5\NonViolence\stadium_crowds__Brisbane_Lions_vs_Melbourne_Demons_The_Gabba__StudyinBrisbane__Y.avi,Violent-Flows,stadium_crowds__Brisbane_Lions_vs_Melbourne_Demons_The_Gabba__StudyinBrisbane__Y,5,nonviolence
..\data\raw\violentflows\movies\5\NonViolence\stadium_crowds__Did_Lady_GaGa_throw_a_tantrum__unknownsince1983__0Vkz-_rVYB8.avi,Violent-Flows,stadium_crowds__Did_Lady_GaGa_throw_a_tantrum__unknownsince1983__0Vkz-_rVYB8,5,nonviolence
..\data\raw\violentflows\movies\5\NonViolence\stadium_crowds__Tokyo_Yakult_Swallows_Home_Run_Celebration__wackycamper32__cX9ln.avi,Violent-Flows,stadium_crowds__Tokyo_Yakult_Swallows_Home_Run_Celebration__wackycamper32__cX9ln,5,nonviolence
..\data\raw\violentflows\movies\5\Violence\fans_violence__Hardcore_Supporter_Fight_Extreme_Violence_Final_Four_Volley_Praha__javierulf__jzmiAbjN6Mw.avi,Violent-Flows,fans_violence__Hardcore_Supporter_Fight_Extreme_Violence_Final_Four_Volley_Praha__javierulf__jzmiAbjN6Mw,5,violence
..\data\raw\violentflows\movies\5\Violence\fans_violence__THE_BEST_HOOLIGANS_Los_hinchas_ultras_barra_torcida_fans_fanatic.avi,Violent-Flows,fans_violence__THE_BEST_HOOLIGANS_Los_hinchas_ultras_barra_torcida_fans_fanatic,5,violence
..\data\raw\violentflows\movies\5\Violence\fans_violence__Violence_in_Soccer_Stadiums_The_Hooligan_Syndrome__evanese1__-x2.avi,Violent-Flows,fans_violence__Violence_in_Soccer_Stadiums_The_Hooligan_Syndrome__evanese1__-x2,5,violence
..\data\raw\violentflows\movies\5\Violence\football_violence__Brutal_fight_of_the_hooligans_in_Europe_Switzerland__CocaineBaron__VmPNqxBRRIQ.avi,Violent-Flows,football_violence__Brutal_fight_of_the_hooligans_in_Europe_Switzerland__CocaineBaron__VmPNqxBRRIQ,5,violence
..\data\raw\violentflows\movies\5\Violence\football_violence__Danish_Hooligans_Exclusive_video__MosquitoTheRapist__t9IYNex9Nn4.avi,Violent-Flows,football_violence__Danish_Hooligans_Exclusive_video__MosquitoTheRapist__t9IYNex9Nn4,5,violence
..\data\raw\violentflows\movies\5\Violence\football_violence__English_Football_Hooligans_Euro_2000__MorningGlory1997__6xAQGS0fodE.avi,Violent-Flows,football_violence__English_Football_Hooligans_Euro_2000__MorningGlory1997__6xAQGS0fodE,5,violence
..\data\raw\violentflows\movies\5\Violence\football_violence__english_football_hooligans__ohnoherewego1234__ydTykaGO-Dg.avi,Violent-Flows,football_violence__english_football_hooligans__ohnoherewego1234__ydTykaGO-Dg,5,violence
..\data\raw\violentflows\movies\5\Violence\football_violence__English_Hooligans__JohnLaw__Wob3r1Leamw.avi,Violent-Flows,football_violence__English_Hooligans__JohnLaw__Wob3r1Leamw,5,violence
..\data\raw\violentflows\movies\5\Violence\football_violence__Footballs_Blood_Sport_prt_1__Tramppercy__WSCF2iLuRyk.avi,Violent-Flows,football_violence__Footballs_Blood_Sport_prt_1__Tramppercy__WSCF2iLuRyk,5,violence
..\data\raw\violentflows\movies\5\Violence\football_violence__Football_Factory_PV_by_Daryl_T_Fave_Films_Clips__LogicBomb777__vnwttRPHdnw.avi,Violent-Flows,football_violence__Football_Factory_PV_by_Daryl_T_Fave_Films_Clips__LogicBomb777__vnwttRPHdnw,5,violence
..\data\raw\violentflows\movies\5\Violence\football_violence__Football_Hooligans_Cardiff_v_Barnsley_2003__MorningGlory1997__mSS7490HcJI.avi,Violent-Flows,football_violence__Football_Hooligans_Cardiff_v_Barnsley_2003__MorningGlory1997__mSS7490HcJI,5,violence
..\data\raw\violentflows\movies\5\Violence\football_violence__Football_Hooligans_Germany_v_Poland_Euro_2008__MorningGlory1997__gtaGluIXEaU.avi,Violent-Flows,football_violence__Football_Hooligans_Germany_v_Poland_Euro_2008__MorningGlory1997__gtaGluIXEaU,5,violence
..\data\raw\violentflows\movies\5\Violence\football_violence__Football_Hooligans_Manchester_City_v_Manchester_United_1989__foothool__ISt-Ir7bb3Y.avi,Violent-Flows,football_violence__Football_Hooligans_Manchester_City_v_Manchester_United_1989__foothool__ISt-Ir7bb3Y,5,violence
..\data\raw\violentflows\movies\5\Violence\football_violence__Football_Hooligans_Millwall_Compilation__MorningGlory1997__U-CsDQik3sw.avi,Violent-Flows,football_violence__Football_Hooligans_Millwall_Compilation__MorningGlory1997__U-CsDQik3sw,5,violence
..\data\raw\violentflows\movies\5\Violence\football_violence__Hooligans_no_talk_just_fights_docu_part_09__haagsejef23__kRlCAD-3H40.avi,Violent-Flows,football_violence__Hooligans_no_talk_just_fights_docu_part_09__haagsejef23__kRlCAD-3H40,5,violence
..\data\raw\violentflows\movies\5\Violence\Hooligans_violence__English_Hooligans__JohnLaw__Wob3r1Leamw.avi,Violent-Flows,Hooligans_violence__English_Hooligans__JohnLaw__Wob3r1Leamw,5,violence
..\data\raw\violentflows\movies\5\Violence\Hooligans_violence__Footballs_Blood_Sport_prt2__Tramppercy__P9a6qZ3r90k.avi,Violent-Flows,Hooligans_violence__Footballs_Blood_Sport_prt2__Tramppercy__P9a6qZ3r90k,5,violence
..\data\raw\violentflows\movies\5\Violence\Hooligans_violence__Football_Hooligans_Germany_v_Poland_Euro_2008__MorningGlory1997__gtaGluIXEaU.avi,Violent-Flows,Hooligans_violence__Football_Hooligans_Germany_v_Poland_Euro_2008__MorningGlory1997__gtaGluIXEaU,5,violence
..\data\raw\violentflows\movies\5\Violence\Hooligans_violence__Fuck_police_Let_s_riot__tigerland2222__Q2k-ZHCZBAk.avi,Violent-Flows,Hooligans_violence__Fuck_police_Let_s_riot__tigerland2222__Q2k-ZHCZBAk,5,violence
..\data\raw\violentflows\movies\5\Violence\Hooligans_violence__Hooligans_violence__BRANNIK_football_violence__KD666999__YTqe4xf5o6U.avi,Violent-Flows,Hooligans_violence__Hooligans_violence__BRANNIK_football_violence__KD666999__YTqe4xf5o6U,5,violence
..\data\raw\violentflows\movies\5\Violence\Hooligans_violence__I_D_Trailer__ImLonelyLinda__5Y26VMm4L7o.avi,Violent-Flows,Hooligans_violence__I_D_Trailer__ImLonelyLinda__5Y26VMm4L7o,5,violence
..\data\raw\violentflows\movies\5\Violence\Hooligans_violence__The_Best_Fans_in_the_World_Part_4_Hooligans__crvenobeli__3mXS25x.avi,Violent-Flows,Hooligans_violence__The_Best_Fans_in_the_World_Part_4_Hooligans__crvenobeli__3mXS25x,5,violence
..\data\raw\violentflows\movies\5\Violence\Hooligans_violence__Torcida_do_Flamengo_x_PM_na_Final_da_Copa_do_Brasil__craigrj__kK.avi,Violent-Flows,Hooligans_violence__Torcida_do_Flamengo_x_PM_na_Final_da_Copa_do_Brasil__craigrj__kK,5,violence
..\data\raw\violentflows\movies\5\Violence\soccer_violence__MORTAL_SOCCER_Part_2__sha3booola__H6iKYprpB30.avi,Violent-Flows,soccer_violence__MORTAL_SOCCER_Part_2__sha3booola__H6iKYprpB30,5,violence
